338034287,2017-12-01T00:09:36,33.97640,-118.44391,0.0,173.0,511.0,,,,,,,,,,262-910.5,338213838,2017-12-01T00:09:39,33.97723,-118.45042,0.0,181.2,511.0,CF3588RX,,,,,11.28,,,,262-910.5
338034287,2017-12-01T00:09:36,33.97640,-118.44391,0.0,173.0,511.0,,,,,,,,,,262-911,338213838,2017-12-01T00:09:39,33.97723,-118.45042,0.0,181.2,511.0,CF3588RX,,,,,11.28,,,,262-911
338034287,2017-12-01T00:09:36,33.97640,-118.44391,0.0,173.0,511.0,,,,,,,,,,262.5-910.5,338213838,2017-12-01T00:09:39,33.97723,-118.45042,0.0,181.2,511.0,CF3588RX,,,,,11.28,,,,262.5-910.5
338034287,2017-12-01T00:09:36,33.97640,-118.44391,0.0,173.0,511.0,,,,,,,,,,262.5-911,338213838,2017-12-01T00:09:39,33.97723,-118.45042,0.0,181.2,511.0,CF3588RX,,,,,11.28,,,,262.5-911
367168570,2017-12-01T00:10:26,33.98313,-118.45602,0.0,7.6,511.0,REGENTSEA,,WDD6121,1012,,29.5,7.3,,,262-910.5,367506730,2017-12-01T00:10:23,33.97600,-118.44419,0.0,7.3,511.0,DELTA,,WDF9588,1019,,15.09,,,,262-910.5
367168570,2017-12-01T00:10:26,33.98313,-118.45602,0.0,7.6,511.0,REGENTSEA,,WDD6121,1012,,29.5,7.3,,,262-911,367506730,2017-12-01T00:10:23,33.97600,-118.44419,0.0,7.3,511.0,DELTA,,WDF9588,1019,,15.09,,,,262-911
367168570,2017-12-01T00:10:26,33.98313,-118.45602,0.0,7.6,511.0,REGENTSEA,,WDD6121,1012,,29.5,7.3,,,262.5-910.5,367506730,2017-12-01T00:10:23,33.97600,-118.44419,0.0,7.3,511.0,DELTA,,WDF9588,1019,,15.09,,,,262.5-910.5
367168570,2017-12-01T00:10:26,33.98313,-118.45602,0.0,7.6,511.0,REGENTSEA,,WDD6121,1012,,29.5,7.3,,,262.5-911,367506730,2017-12-01T00:10:23,33.97600,-118.44419,0.0,7.3,511.0,DELTA,,WDF9588,1019,,15.09,,,,262.5-911
338182518,2017-12-02T08:48:28,33.98361,-118.45066,0.0,-141.6,511.0,FISH OUT OF WATER,,,1019,,14.63,,,,262-910.5,338204924,2017-12-02T08:48:30,33.97745,-118.45098,0.0,183.2,511.0,UNFORGETTABLE,,,,,15.24,,,,262-910.5
338182518,2017-12-02T08:48:28,33.98361,-118.45066,0.0,-141.6,511.0,FISH OUT OF WATER,,,1019,,14.63,,,,262-911,338204924,2017-12-02T08:48:30,33.97745,-118.45098,0.0,183.2,511.0,UNFORGETTABLE,,,,,15.24,,,,262-911
338182518,2017-12-02T08:48:28,33.98361,-118.45066,0.0,-141.6,511.0,FISH OUT OF WATER,,,1019,,14.63,,,,262.5-910.5,338204924,2017-12-02T08:48:30,33.97745,-118.45098,0.0,183.2,511.0,UNFORGETTABLE,,,,,15.24,,,,262.5-910.5
338182518,2017-12-02T08:48:28,33.98361,-118.45066,0.0,-141.6,511.0,FISH OUT OF WATER,,,1019,,14.63,,,,262.5-911,338204924,2017-12-02T08:48:30,33.97745,-118.45098,0.0,183.2,511.0,UNFORGETTABLE,,,,,15.24,,,,262.5-911
338138147,2017-12-02T16:01:46,33.97620,-118.44368,0.0,-52.6,511.0,KING FISH,,,1019,,9.14,,,,262-910.5,338225719,2017-12-02T16:01:50,33.97626,-118.44423,0.0,-183.1,511.0,LEVEL 42,,,,,,,,,262-910.5
338138147,2017-12-02T16:01:46,33.97620,-118.44368,0.0,-52.6,511.0,KING FISH,,,1019,,9.14,,,,262-911,338225719,2017-12-02T16:01:50,33.97626,-118.44423,0.0,-183.1,511.0,LEVEL 42,,,,,,,,,262-911
338138147,2017-12-02T16:01:46,33.97620,-118.44368,0.0,-52.6,511.0,KING FISH,,,1019,,9.14,,,,262.5-910.5,338225719,2017-12-02T16:01:50,33.97626,-118.44423,0.0,-183.1,511.0,LEVEL 42,,,,,,,,,262.5-910.5
338138147,2017-12-02T16:01:46,33.97620,-118.44368,0.0,-52.6,511.0,KING FISH,,,1019,,9.14,,,,262.5-911,338225719,2017-12-02T16:01:50,33.97626,-118.44423,0.0,-183.1,511.0,LEVEL 42,,,,,,,,,262.5-911
338097886,2017-12-02T16:33:36,33.71912,-118.27827,0.0,-104.4,511.0,BANDIT,,,1019,,15.18,4.8,,,260-908.5,367661930,2017-12-02T16:33:39,33.73086,-118.26129,0.0,-111.2,258.0,MICHELLE SLOAN,IMO9747819,WDH8832,1025,under way using engine,24.6,,,,260-908.5
338097886,2017-12-02T16:33:36,33.71912,-118.27827,0.0,-104.4,511.0,BANDIT,,,1019,,15.18,4.8,,,260-909,367661930,2017-12-02T16:33:39,33.73086,-118.26129,0.0,-111.2,258.0,MICHELLE SLOAN,IMO9747819,WDH8832,1025,under way using engine,24.6,,,,260-909
338097886,2017-12-02T16:33:36,33.71912,-118.27827,0.0,-104.4,511.0,BANDIT,,,1019,,15.18,4.8,,,260.5-908.5,367661930,2017-12-02T16:33:39,33.73086,-118.26129,0.0,-111.2,258.0,MICHELLE SLOAN,IMO9747819,WDH8832,1025,under way using engine,24.6,,,,260.5-908.5
338097886,2017-12-02T16:33:36,33.71912,-118.27827,0.0,-104.4,511.0,BANDIT,,,1019,,15.18,4.8,,,260.5-909,367661930,2017-12-02T16:33:39,33.73086,-118.26129,0.0,-111.2,258.0,MICHELLE SLOAN,IMO9747819,WDH8832,1025,under way using engine,24.6,,,,260.5-909
366975770,2017-12-02T21:08:50,33.72463,-118.26967,7.6,-75.4,511.0,HARBOR KING,,WCY3492,60,under way using engine,20,10,2.0,60,260-908.5,367034320,2017-12-02T21:08:48,33.68701,-118.19469,8.5,202.9,511.0,CITY OF LONG BEACH,,WDC5007,1012,undefined,19.81,7.3,,,260-908.5
366975770,2017-12-02T21:08:50,33.72463,-118.26967,7.6,-75.4,511.0,HARBOR KING,,WCY3492,60,under way using engine,20,10,2.0,60,260-909,367034320,2017-12-02T21:08:48,33.68701,-118.19469,8.5,202.9,511.0,CITY OF LONG BEACH,,WDC5007,1012,undefined,19.81,7.3,,,260-909
366975770,2017-12-02T21:08:50,33.72463,-118.26967,7.6,-75.4,511.0,HARBOR KING,,WCY3492,60,under way using engine,20,10,2.0,60,260.5-908.5,367034320,2017-12-02T21:08:48,33.68701,-118.19469,8.5,202.9,511.0,CITY OF LONG BEACH,,WDC5007,1012,undefined,19.81,7.3,,,260.5-908.5
366975770,2017-12-02T21:08:50,33.72463,-118.26967,7.6,-75.4,511.0,HARBOR KING,,WCY3492,60,under way using engine,20,10,2.0,60,260.5-909,367034320,2017-12-02T21:08:48,33.68701,-118.19469,8.5,202.9,511.0,CITY OF LONG BEACH,,WDC5007,1012,undefined,19.81,7.3,,,260.5-909
367049470,2017-12-03T03:10:50,33.72161,-118.27135,0.2,-92.5,511.0,STEPHEN M WHITE,,WCU6542,1005,undefined,15.76,4.7,,,260-908.5,366943970,2017-12-03T03:10:45,33.76252,-118.19909,0.0,-182.0,511.0,ISLANDER EXPRESS,IMO8967876,WCJ6211,1012,undefined,27.03,6.88,,,260-908.5
367049470,2017-12-03T03:10:50,33.72161,-118.27135,0.2,-92.5,511.0,STEPHEN M WHITE,,WCU6542,1005,undefined,15.76,4.7,,,260-909,366943970,2017-12-03T03:10:45,33.76252,-118.19909,0.0,-182.0,511.0,ISLANDER EXPRESS,IMO8967876,WCJ6211,1012,undefined,27.03,6.88,,,260-909
367049470,2017-12-03T03:10:50,33.72161,-118.27135,0.2,-92.5,511.0,STEPHEN M WHITE,,WCU6542,1005,undefined,15.76,4.7,,,260.5-908.5,366943970,2017-12-03T03:10:45,33.76252,-118.19909,0.0,-182.0,511.0,ISLANDER EXPRESS,IMO8967876,WCJ6211,1012,undefined,27.03,6.88,,,260.5-908.5
367049470,2017-12-03T03:10:50,33.72161,-118.27135,0.2,-92.5,511.0,STEPHEN M WHITE,,WCU6542,1005,undefined,15.76,4.7,,,260.5-909,366943970,2017-12-03T03:10:45,33.76252,-118.19909,0.0,-182.0,511.0,ISLANDER EXPRESS,IMO8967876,WCJ6211,1012,undefined,27.03,6.88,,,260.5-909
366892120,2017-12-03T04:10:06,32.69440,-117.15143,0.0,-49.6,511.0,HARBOR COMMANDER,,WDB3861,1025,undefined,10.97,5.1,,,252-900.5,338181104,2017-12-03T04:10:07,32.71242,-117.23198,0.0,139.8,511.0,MISS LYN,,,1019,,18.44,,,,252-900.5
366892120,2017-12-03T04:10:06,32.69440,-117.15143,0.0,-49.6,511.0,HARBOR COMMANDER,,WDB3861,1025,undefined,10.97,5.1,,,252-901,338181104,2017-12-03T04:10:07,32.71242,-117.23198,0.0,139.8,511.0,MISS LYN,,,1019,,18.44,,,,252-901
366892120,2017-12-03T04:10:06,32.69440,-117.15143,0.0,-49.6,511.0,HARBOR COMMANDER,,WDB3861,1025,undefined,10.97,5.1,,,252.5-900.5,338181104,2017-12-03T04:10:07,32.71242,-117.23198,0.0,139.8,511.0,MISS LYN,,,1019,,18.44,,,,252.5-900.5
366892120,2017-12-03T04:10:06,32.69440,-117.15143,0.0,-49.6,511.0,HARBOR COMMANDER,,WDB3861,1025,undefined,10.97,5.1,,,252.5-901,338181104,2017-12-03T04:10:07,32.71242,-117.23198,0.0,139.8,511.0,MISS LYN,,,1019,,18.44,,,,252.5-901
366892120,2017-12-03T05:14:34,32.70224,-117.16655,0.1,125.9,511.0,HARBOR COMMANDER,,WDB3861,1025,undefined,10.97,5.1,,,252-900.5,367691450,2017-12-03T05:14:37,32.72376,-117.22391,0.0,148.8,511.0,SAFARI,,WDI3744,1019,,23.41,6.4,,,252-900.5
366892120,2017-12-03T05:14:34,32.70224,-117.16655,0.1,125.9,511.0,HARBOR COMMANDER,,WDB3861,1025,undefined,10.97,5.1,,,252-901,367691450,2017-12-03T05:14:37,32.72376,-117.22391,0.0,148.8,511.0,SAFARI,,WDI3744,1019,,23.41,6.4,,,252-901
366892120,2017-12-03T05:14:34,32.70224,-117.16655,0.1,125.9,511.0,HARBOR COMMANDER,,WDB3861,1025,undefined,10.97,5.1,,,252.5-900.5,367691450,2017-12-03T05:14:37,32.72376,-117.22391,0.0,148.8,511.0,SAFARI,,WDI3744,1019,,23.41,6.4,,,252.5-900.5
366892120,2017-12-03T05:14:34,32.70224,-117.16655,0.1,125.9,511.0,HARBOR COMMANDER,,WDB3861,1025,undefined,10.97,5.1,,,252.5-901,367691450,2017-12-03T05:14:37,32.72376,-117.22391,0.0,148.8,511.0,SAFARI,,WDI3744,1019,,23.41,6.4,,,252.5-901
367702780,2017-12-03T16:27:34,33.73355,-118.27361,0.1,4.4,59.0,SARAH,IMO9824887,WDI4859,1025,under way using engine,23.8,,,,260-908.5,338174439,2017-12-03T16:27:36,33.76013,-118.18535,0.0,-185.5,511.0,ANN-ELYSE,,,,,,,,,260-908.5
367702780,2017-12-03T16:27:34,33.73355,-118.27361,0.1,4.4,59.0,SARAH,IMO9824887,WDI4859,1025,under way using engine,23.8,,,,260-909,338174439,2017-12-03T16:27:36,33.76013,-118.18535,0.0,-185.5,511.0,ANN-ELYSE,,,,,,,,,260-909
367702780,2017-12-03T16:27:34,33.73355,-118.27361,0.1,4.4,59.0,SARAH,IMO9824887,WDI4859,1025,under way using engine,23.8,,,,260.5-908.5,338174439,2017-12-03T16:27:36,33.76013,-118.18535,0.0,-185.5,511.0,ANN-ELYSE,,,,,,,,,260.5-908.5
367702780,2017-12-03T16:27:34,33.73355,-118.27361,0.1,4.4,59.0,SARAH,IMO9824887,WDI4859,1025,under way using engine,23.8,,,,260.5-909,338174439,2017-12-03T16:27:36,33.76013,-118.18535,0.0,-185.5,511.0,ANN-ELYSE,,,,,,,,,260.5-909
367661930,2017-12-04T20:39:42,33.72495,-118.19411,0.9,164.1,137.0,MICHELLE SLOAN,IMO9747819,WDH8832,1025,under way using engine,24.6,,,,260-908.5,338181327,2017-12-04T20:39:42,33.71876,-118.28179,0.0,-64.6,511.0,QUERENCIA,,,1019,,9.81,,,,260-908.5
367661930,2017-12-04T20:39:42,33.72495,-118.19411,0.9,164.1,137.0,MICHELLE SLOAN,IMO9747819,WDH8832,1025,under way using engine,24.6,,,,260-909,338181327,2017-12-04T20:39:42,33.71876,-118.28179,0.0,-64.6,511.0,QUERENCIA,,,1019,,9.81,,,,260-909
367661930,2017-12-04T20:39:42,33.72495,-118.19411,0.9,164.1,137.0,MICHELLE SLOAN,IMO9747819,WDH8832,1025,under way using engine,24.6,,,,260.5-908.5,338181327,2017-12-04T20:39:42,33.71876,-118.28179,0.0,-64.6,511.0,QUERENCIA,,,1019,,9.81,,,,260.5-908.5
367661930,2017-12-04T20:39:42,33.72495,-118.19411,0.9,164.1,137.0,MICHELLE SLOAN,IMO9747819,WDH8832,1025,under way using engine,24.6,,,,260.5-909,338181327,2017-12-04T20:39:42,33.71876,-118.28179,0.0,-64.6,511.0,QUERENCIA,,,1019,,9.81,,,,260.5-909
366755010,2017-12-06T04:53:54,33.73989,-118.27815,0.0,-174.6,190.0,MASTER,IMO9188532,WCY6528,1025,under way using engine,32,10.97,6.8,52,260-908.5,366797250,2017-12-06T04:53:54,33.76755,-118.21979,0.0,-142.0,511.0,DB LONG BEACH,IMO8756904,WBP4749,1005,undefined,77.75,23.2,,,260-908.5
366755010,2017-12-06T04:53:54,33.73989,-118.27815,0.0,-174.6,190.0,MASTER,IMO9188532,WCY6528,1025,under way using engine,32,10.97,6.8,52,260-909,366797250,2017-12-06T04:53:54,33.76755,-118.21979,0.0,-142.0,511.0,DB LONG BEACH,IMO8756904,WBP4749,1005,undefined,77.75,23.2,,,260-909
366755010,2017-12-06T04:53:54,33.73989,-118.27815,0.0,-174.6,190.0,MASTER,IMO9188532,WCY6528,1025,under way using engine,32,10.97,6.8,52,260.5-908.5,366797250,2017-12-06T04:53:54,33.76755,-118.21979,0.0,-142.0,511.0,DB LONG BEACH,IMO8756904,WBP4749,1005,undefined,77.75,23.2,,,260.5-908.5
366755010,2017-12-06T04:53:54,33.73989,-118.27815,0.0,-174.6,190.0,MASTER,IMO9188532,WCY6528,1025,under way using engine,32,10.97,6.8,52,260.5-909,366797250,2017-12-06T04:53:54,33.76755,-118.21979,0.0,-142.0,511.0,DB LONG BEACH,IMO8756904,WBP4749,1005,undefined,77.75,23.2,,,260.5-909
367661930,2017-12-06T13:06:09,33.73058,-118.26148,0.0,-154.4,259.0,MICHELLE SLOAN,IMO9747819,WDH8832,1025,under way using engine,24.6,,,,260-908.5,366975770,2017-12-06T13:06:12,33.76228,-118.19478,0.0,167.6,511.0,HARBOR KING,,WCY3492,60,under way using engine,20,10,2.0,60,260-908.5
367661930,2017-12-06T13:06:09,33.73058,-118.26148,0.0,-154.4,259.0,MICHELLE SLOAN,IMO9747819,WDH8832,1025,under way using engine,24.6,,,,260-909,366975770,2017-12-06T13:06:12,33.76228,-118.19478,0.0,167.6,511.0,HARBOR KING,,WCY3492,60,under way using engine,20,10,2.0,60,260-909
367661930,2017-12-06T13:06:09,33.73058,-118.26148,0.0,-154.4,259.0,MICHELLE SLOAN,IMO9747819,WDH8832,1025,under way using engine,24.6,,,,260.5-908.5,366975770,2017-12-06T13:06:12,33.76228,-118.19478,0.0,167.6,511.0,HARBOR KING,,WCY3492,60,under way using engine,20,10,2.0,60,260.5-908.5
367661930,2017-12-06T13:06:09,33.73058,-118.26148,0.0,-154.4,259.0,MICHELLE SLOAN,IMO9747819,WDH8832,1025,under way using engine,24.6,,,,260.5-909,366975770,2017-12-06T13:06:12,33.76228,-118.19478,0.0,167.6,511.0,HARBOR KING,,WCY3492,60,under way using engine,20,10,2.0,60,260.5-909
366892160,2017-12-06T22:32:11,32.69532,-117.15108,0.0,-49.6,511.0,LOGAN,,WDB3865,1025,under way using engine,9.94,4.6,,,252-900.5,338208708,2017-12-06T22:32:14,32.71258,-117.22994,0.0,118.1,511.0,MAURA LEE,,,1019,,,,,,252-900.5
366892160,2017-12-06T22:32:11,32.69532,-117.15108,0.0,-49.6,511.0,LOGAN,,WDB3865,1025,under way using engine,9.94,4.6,,,252-901,338208708,2017-12-06T22:32:14,32.71258,-117.22994,0.0,118.1,511.0,MAURA LEE,,,1019,,,,,,252-901
366892160,2017-12-06T22:32:11,32.69532,-117.15108,0.0,-49.6,511.0,LOGAN,,WDB3865,1025,under way using engine,9.94,4.6,,,252.5-900.5,338208708,2017-12-06T22:32:14,32.71258,-117.22994,0.0,118.1,511.0,MAURA LEE,,,1019,,,,,,252.5-900.5
366892160,2017-12-06T22:32:11,32.69532,-117.15108,0.0,-49.6,511.0,LOGAN,,WDB3865,1025,under way using engine,9.94,4.6,,,252.5-901,338208708,2017-12-06T22:32:14,32.71258,-117.22994,0.0,118.1,511.0,MAURA LEE,,,1019,,,,,,252.5-901
338128371,2017-12-07T09:17:09,33.46184,-117.70189,0.0,200.3,511.0,SEAQUEL,,,1019,,13.2,,,,258-904.5,338156658,2017-12-07T09:17:11,33.46007,-117.69751,0.0,2.6,511.0,LADY ANGELINA,,,1019,,19.69,,,,258-904.5
338128371,2017-12-07T09:17:09,33.46184,-117.70189,0.0,200.3,511.0,SEAQUEL,,,1019,,13.2,,,,258-905,338156658,2017-12-07T09:17:11,33.46007,-117.69751,0.0,2.6,511.0,LADY ANGELINA,,,1019,,19.69,,,,258-905
338128371,2017-12-07T09:17:09,33.46184,-117.70189,0.0,200.3,511.0,SEAQUEL,,,1019,,13.2,,,,258.5-904.5,338156658,2017-12-07T09:17:11,33.46007,-117.69751,0.0,2.6,511.0,LADY ANGELINA,,,1019,,19.69,,,,258.5-904.5
338128371,2017-12-07T09:17:09,33.46184,-117.70189,0.0,200.3,511.0,SEAQUEL,,,1019,,13.2,,,,258.5-905,338156658,2017-12-07T09:17:11,33.46007,-117.69751,0.0,2.6,511.0,LADY ANGELINA,,,1019,,19.69,,,,258.5-905
563079000,2017-12-08T17:21:55,33.74710,-118.19733,0.0,-196.6,180.0,NYK ROMULUS,IMO9416989,9V7644,1004,moored,294.12,32.2,13.5,70,260-908.5,367702780,2017-12-08T17:21:56,33.73042,-118.18110,5.9,-148.4,264.0,SARAH,IMO9824887,WDI4859,1025,under way using engine,23.8,,,,260-908.5
563079000,2017-12-08T17:21:55,33.74710,-118.19733,0.0,-196.6,180.0,NYK ROMULUS,IMO9416989,9V7644,1004,moored,294.12,32.2,13.5,70,260-909,367702780,2017-12-08T17:21:56,33.73042,-118.18110,5.9,-148.4,264.0,SARAH,IMO9824887,WDI4859,1025,under way using engine,23.8,,,,260-909
563079000,2017-12-08T17:21:55,33.74710,-118.19733,0.0,-196.6,180.0,NYK ROMULUS,IMO9416989,9V7644,1004,moored,294.12,32.2,13.5,70,260.5-908.5,367702780,2017-12-08T17:21:56,33.73042,-118.18110,5.9,-148.4,264.0,SARAH,IMO9824887,WDI4859,1025,under way using engine,23.8,,,,260.5-908.5
563079000,2017-12-08T17:21:55,33.74710,-118.19733,0.0,-196.6,180.0,NYK ROMULUS,IMO9416989,9V7644,1004,moored,294.12,32.2,13.5,70,260.5-909,367702780,2017-12-08T17:21:56,33.73042,-118.18110,5.9,-148.4,264.0,SARAH,IMO9824887,WDI4859,1025,under way using engine,23.8,,,,260.5-909
338225409,2017-12-08T23:47:59,33.75795,-118.18822,0.1,-190.3,511.0,SWEET FREEDOM,,,1019,,,,,,260-908.5,367693690,2017-12-08T23:48:00,33.77127,-118.21258,0.0,-88.9,247.0,KELLY C,IMO7035327,WDI3956,1025,moored,26.52,8.74,,,260-908.5
338225409,2017-12-08T23:47:59,33.75795,-118.18822,0.1,-190.3,511.0,SWEET FREEDOM,,,1019,,,,,,260-909,367693690,2017-12-08T23:48:00,33.77127,-118.21258,0.0,-88.9,247.0,KELLY C,IMO7035327,WDI3956,1025,moored,26.52,8.74,,,260-909
338225409,2017-12-08T23:47:59,33.75795,-118.18822,0.1,-190.3,511.0,SWEET FREEDOM,,,1019,,,,,,260.5-908.5,367693690,2017-12-08T23:48:00,33.77127,-118.21258,0.0,-88.9,247.0,KELLY C,IMO7035327,WDI3956,1025,moored,26.52,8.74,,,260.5-908.5
338225409,2017-12-08T23:47:59,33.75795,-118.18822,0.1,-190.3,511.0,SWEET FREEDOM,,,1019,,,,,,260.5-909,367693690,2017-12-08T23:48:00,33.77127,-118.21258,0.0,-88.9,247.0,KELLY C,IMO7035327,WDI3956,1025,moored,26.52,8.74,,,260.5-909
367471080,2017-12-09T17:50:33,33.73494,-118.27065,0.1,-180.1,511.0,ISABEL L,,WDF6141,1012,under way using engine,27.8,5.9,,,260-908.5,538006200,2017-12-09T17:50:37,33.72631,-118.17724,0.1,-136.1,27.0,ADVANTAGE SOLAR,IMO9408683,V7KZ5,1024,at anchor,274.5,48.05,17.0,81,260-908.5
367471080,2017-12-09T17:50:33,33.73494,-118.27065,0.1,-180.1,511.0,ISABEL L,,WDF6141,1012,under way using engine,27.8,5.9,,,260-909,538006200,2017-12-09T17:50:37,33.72631,-118.17724,0.1,-136.1,27.0,ADVANTAGE SOLAR,IMO9408683,V7KZ5,1024,at anchor,274.5,48.05,17.0,81,260-909
367471080,2017-12-09T17:50:33,33.73494,-118.27065,0.1,-180.1,511.0,ISABEL L,,WDF6141,1012,under way using engine,27.8,5.9,,,260.5-908.5,538006200,2017-12-09T17:50:37,33.72631,-118.17724,0.1,-136.1,27.0,ADVANTAGE SOLAR,IMO9408683,V7KZ5,1024,at anchor,274.5,48.05,17.0,81,260.5-908.5
367471080,2017-12-09T17:50:33,33.73494,-118.27065,0.1,-180.1,511.0,ISABEL L,,WDF6141,1012,under way using engine,27.8,5.9,,,260.5-909,538006200,2017-12-09T17:50:37,33.72631,-118.17724,0.1,-136.1,27.0,ADVANTAGE SOLAR,IMO9408683,V7KZ5,1024,at anchor,274.5,48.05,17.0,81,260.5-909
367373960,2017-12-10T12:11:28,32.70491,-117.16297,0.0,0.0,6.0,MARIETTA,,WJ6405,1012,undefined,28.86,9.1,,,252-900.5,316021453,2017-12-10T12:11:31,32.70967,-117.23287,0.0,-77.4,511.0,GRAND SUD,,CFN6343,1019,,13.95,7.85,,,252-900.5
367373960,2017-12-10T12:11:28,32.70491,-117.16297,0.0,0.0,6.0,MARIETTA,,WJ6405,1012,undefined,28.86,9.1,,,252-901,316021453,2017-12-10T12:11:31,32.70967,-117.23287,0.0,-77.4,511.0,GRAND SUD,,CFN6343,1019,,13.95,7.85,,,252-901
367373960,2017-12-10T12:11:28,32.70491,-117.16297,0.0,0.0,6.0,MARIETTA,,WJ6405,1012,undefined,28.86,9.1,,,252.5-900.5,316021453,2017-12-10T12:11:31,32.70967,-117.23287,0.0,-77.4,511.0,GRAND SUD,,CFN6343,1019,,13.95,7.85,,,252.5-900.5
367373960,2017-12-10T12:11:28,32.70491,-117.16297,0.0,0.0,6.0,MARIETTA,,WJ6405,1012,undefined,28.86,9.1,,,252.5-901,316021453,2017-12-10T12:11:31,32.70967,-117.23287,0.0,-77.4,511.0,GRAND SUD,,CFN6343,1019,,13.95,7.85,,,252.5-901
367550710,2017-12-10T21:08:34,33.66185,-118.13716,7.9,120.2,118.0,TRITON,,WDG5828,1001,,,,,,259-907.5,367702980,2017-12-10T21:08:37,33.62133,-118.13692,8.0,-98.0,511.0,BUENA VENTURA,,WDI4878,1001,,,,,,259-907.5
367550710,2017-12-10T21:08:34,33.66185,-118.13716,7.9,120.2,118.0,TRITON,,WDG5828,1001,,,,,,259-908,367702980,2017-12-10T21:08:37,33.62133,-118.13692,8.0,-98.0,511.0,BUENA VENTURA,,WDI4878,1001,,,,,,259-908
367550710,2017-12-10T21:08:34,33.66185,-118.13716,7.9,120.2,118.0,TRITON,,WDG5828,1001,,,,,,259.5-907.5,367702980,2017-12-10T21:08:37,33.62133,-118.13692,8.0,-98.0,511.0,BUENA VENTURA,,WDI4878,1001,,,,,,259.5-907.5
367550710,2017-12-10T21:08:34,33.66185,-118.13716,7.9,120.2,118.0,TRITON,,WDG5828,1001,,,,,,259.5-908,367702980,2017-12-10T21:08:37,33.62133,-118.13692,8.0,-98.0,511.0,BUENA VENTURA,,WDI4878,1001,,,,,,259.5-908
367702780,2017-12-11T00:02:29,33.73275,-118.24862,0.3,3.8,158.0,SARAH,IMO9824887,WDI4859,1025,under way using engine,23.8,,,,260-908.5,338174439,2017-12-11T00:02:29,33.76012,-118.18536,0.0,-103.2,511.0,ANN-ELYSE,,,,,,,,,260-908.5
367702780,2017-12-11T00:02:29,33.73275,-118.24862,0.3,3.8,158.0,SARAH,IMO9824887,WDI4859,1025,under way using engine,23.8,,,,260-909,338174439,2017-12-11T00:02:29,33.76012,-118.18536,0.0,-103.2,511.0,ANN-ELYSE,,,,,,,,,260-909
367702780,2017-12-11T00:02:29,33.73275,-118.24862,0.3,3.8,158.0,SARAH,IMO9824887,WDI4859,1025,under way using engine,23.8,,,,260.5-908.5,338174439,2017-12-11T00:02:29,33.76012,-118.18536,0.0,-103.2,511.0,ANN-ELYSE,,,,,,,,,260.5-908.5
367702780,2017-12-11T00:02:29,33.73275,-118.24862,0.3,3.8,158.0,SARAH,IMO9824887,WDI4859,1025,under way using engine,23.8,,,,260.5-909,338174439,2017-12-11T00:02:29,33.76012,-118.18536,0.0,-103.2,511.0,ANN-ELYSE,,,,,,,,,260.5-909
367320870,2017-12-11T00:03:48,33.61302,-117.92448,0.0,-62.5,511.0,ANDIAMO,,WDE2131,1019,undefined,19.81,5.7,,37,259-906.5,367348670,2017-12-11T00:03:47,33.61068,-117.92409,0.0,-84.8,511.0,DAUNTLESS,,WDE4094,1019,,15.67,4.3,,,259-906.5
367320870,2017-12-11T00:03:48,33.61302,-117.92448,0.0,-62.5,511.0,ANDIAMO,,WDE2131,1019,undefined,19.81,5.7,,37,259-907,367348670,2017-12-11T00:03:47,33.61068,-117.92409,0.0,-84.8,511.0,DAUNTLESS,,WDE4094,1019,,15.67,4.3,,,259-907
367320870,2017-12-11T00:03:48,33.61302,-117.92448,0.0,-62.5,511.0,ANDIAMO,,WDE2131,1019,undefined,19.81,5.7,,37,259.5-906.5,367348670,2017-12-11T00:03:47,33.61068,-117.92409,0.0,-84.8,511.0,DAUNTLESS,,WDE4094,1019,,15.67,4.3,,,259.5-906.5
367320870,2017-12-11T00:03:48,33.61302,-117.92448,0.0,-62.5,511.0,ANDIAMO,,WDE2131,1019,undefined,19.81,5.7,,37,259.5-907,367348670,2017-12-11T00:03:47,33.61068,-117.92409,0.0,-84.8,511.0,DAUNTLESS,,WDE4094,1019,,15.67,4.3,,,259.5-907
366760710,2017-12-11T02:05:36,33.74403,-118.20440,0.0,-159.1,511.0,REDONDO,,WCD3906,1012,under way using engine,18.78,7.6,,,260-908.5,538006200,2017-12-11T02:05:39,33.72627,-118.17773,0.2,-115.9,32.0,ADVANTAGE SOLAR,IMO9408683,V7KZ5,1024,at anchor,274.5,48.05,17.0,81,260-908.5
366760710,2017-12-11T02:05:36,33.74403,-118.20440,0.0,-159.1,511.0,REDONDO,,WCD3906,1012,under way using engine,18.78,7.6,,,260-909,538006200,2017-12-11T02:05:39,33.72627,-118.17773,0.2,-115.9,32.0,ADVANTAGE SOLAR,IMO9408683,V7KZ5,1024,at anchor,274.5,48.05,17.0,81,260-909
366760710,2017-12-11T02:05:36,33.74403,-118.20440,0.0,-159.1,511.0,REDONDO,,WCD3906,1012,under way using engine,18.78,7.6,,,260.5-908.5,538006200,2017-12-11T02:05:39,33.72627,-118.17773,0.2,-115.9,32.0,ADVANTAGE SOLAR,IMO9408683,V7KZ5,1024,at anchor,274.5,48.05,17.0,81,260.5-908.5
366760710,2017-12-11T02:05:36,33.74403,-118.20440,0.0,-159.1,511.0,REDONDO,,WCD3906,1012,under way using engine,18.78,7.6,,,260.5-909,538006200,2017-12-11T02:05:39,33.72627,-118.17773,0.2,-115.9,32.0,ADVANTAGE SOLAR,IMO9408683,V7KZ5,1024,at anchor,274.5,48.05,17.0,81,260.5-909
338218673,2017-12-11T08:01:43,33.61819,-117.92193,0.0,134.2,511.0,BOUNTY,,,1019,,,,,,259-906.5,367578980,2017-12-11T08:01:44,33.61760,-117.92033,0.0,-91.9,511.0,SELAH,,WDG8578,1019,undefined,25.24,,,,259-906.5
338218673,2017-12-11T08:01:43,33.61819,-117.92193,0.0,134.2,511.0,BOUNTY,,,1019,,,,,,259-907,367578980,2017-12-11T08:01:44,33.61760,-117.92033,0.0,-91.9,511.0,SELAH,,WDG8578,1019,undefined,25.24,,,,259-907
338218673,2017-12-11T08:01:43,33.61819,-117.92193,0.0,134.2,511.0,BOUNTY,,,1019,,,,,,259.5-906.5,367578980,2017-12-11T08:01:44,33.61760,-117.92033,0.0,-91.9,511.0,SELAH,,WDG8578,1019,undefined,25.24,,,,259.5-906.5
338218673,2017-12-11T08:01:43,33.61819,-117.92193,0.0,134.2,511.0,BOUNTY,,,1019,,,,,,259.5-907,367578980,2017-12-11T08:01:44,33.61760,-117.92033,0.0,-91.9,511.0,SELAH,,WDG8578,1019,undefined,25.24,,,,259.5-907
378111612,2017-12-12T15:54:38,32.71239,-117.23088,0.1,-158.2,511.0,MALIKALALOU,,ZJL8248,,,,,,,252-900.5,367600830,2017-12-12T15:54:34,32.72315,-117.22685,0.0,-49.6,511.0,LEGEND,,WDH2751,1012,under way using engine,21.76,6.8,,,252-900.5
378111612,2017-12-12T15:54:38,32.71239,-117.23088,0.1,-158.2,511.0,MALIKALALOU,,ZJL8248,,,,,,,252-901,367600830,2017-12-12T15:54:34,32.72315,-117.22685,0.0,-49.6,511.0,LEGEND,,WDH2751,1012,under way using engine,21.76,6.8,,,252-901
378111612,2017-12-12T15:54:38,32.71239,-117.23088,0.1,-158.2,511.0,MALIKALALOU,,ZJL8248,,,,,,,252.5-900.5,367600830,2017-12-12T15:54:34,32.72315,-117.22685,0.0,-49.6,511.0,LEGEND,,WDH2751,1012,under way using engine,21.76,6.8,,,252.5-900.5
378111612,2017-12-12T15:54:38,32.71239,-117.23088,0.1,-158.2,511.0,MALIKALALOU,,ZJL8248,,,,,,,252.5-901,367600830,2017-12-12T15:54:34,32.72315,-117.22685,0.0,-49.6,511.0,LEGEND,,WDH2751,1012,under way using engine,21.76,6.8,,,252.5-901
366797250,2017-12-12T18:00:37,33.72376,-118.19011,0.1,-148.5,511.0,DB LONG BEACH,IMO8756904,WBP4749,1005,undefined,77.75,23.2,,,260-908.5,367703260,2017-12-12T18:00:37,33.72825,-118.18906,7.9,120.6,110.0,RYLAN JADE,,WDI4904,1012,undefined,19.75,5.6,,,260-908.5
366797250,2017-12-12T18:00:37,33.72376,-118.19011,0.1,-148.5,511.0,DB LONG BEACH,IMO8756904,WBP4749,1005,undefined,77.75,23.2,,,260-909,367703260,2017-12-12T18:00:37,33.72825,-118.18906,7.9,120.6,110.0,RYLAN JADE,,WDI4904,1012,undefined,19.75,5.6,,,260-909
366797250,2017-12-12T18:00:37,33.72376,-118.19011,0.1,-148.5,511.0,DB LONG BEACH,IMO8756904,WBP4749,1005,undefined,77.75,23.2,,,260.5-908.5,367703260,2017-12-12T18:00:37,33.72825,-118.18906,7.9,120.6,110.0,RYLAN JADE,,WDI4904,1012,undefined,19.75,5.6,,,260.5-908.5
366797250,2017-12-12T18:00:37,33.72376,-118.19011,0.1,-148.5,511.0,DB LONG BEACH,IMO8756904,WBP4749,1005,undefined,77.75,23.2,,,260.5-909,367703260,2017-12-12T18:00:37,33.72825,-118.18906,7.9,120.6,110.0,RYLAN JADE,,WDI4904,1012,undefined,19.75,5.6,,,260.5-909
367067810,2017-12-12T18:09:18,33.76065,-118.21814,0.0,-149.6,511.0,FIREBOAT LIBERTY,,WR8184,,undefined,,,,,260-908.5,367507960,2017-12-12T18:09:16,33.77156,-118.21203,0.0,-146.2,511.0,185 3,,WDF9705,1005,restricted maneuverability,54.13,,,,260-908.5
367067810,2017-12-12T18:09:18,33.76065,-118.21814,0.0,-149.6,511.0,FIREBOAT LIBERTY,,WR8184,,undefined,,,,,260-909,367507960,2017-12-12T18:09:16,33.77156,-118.21203,0.0,-146.2,511.0,185 3,,WDF9705,1005,restricted maneuverability,54.13,,,,260-909
367067810,2017-12-12T18:09:18,33.76065,-118.21814,0.0,-149.6,511.0,FIREBOAT LIBERTY,,WR8184,,undefined,,,,,260.5-908.5,367507960,2017-12-12T18:09:16,33.77156,-118.21203,0.0,-146.2,511.0,185 3,,WDF9705,1005,restricted maneuverability,54.13,,,,260.5-908.5
367067810,2017-12-12T18:09:18,33.76065,-118.21814,0.0,-149.6,511.0,FIREBOAT LIBERTY,,WR8184,,undefined,,,,,260.5-909,367507960,2017-12-12T18:09:16,33.77156,-118.21203,0.0,-146.2,511.0,185 3,,WDF9705,1005,restricted maneuverability,54.13,,,,260.5-909
367373960,2017-12-12T23:29:59,32.70491,-117.16304,0.0,-101.0,8.0,MARIETTA,,WJ6405,1012,undefined,28.86,9.1,,,252-900.5,338208423,2017-12-12T23:29:59,32.72710,-117.20279,0.0,110.9,511.0,LEILA,,,1019,,13.99,4.2,,,252-900.5
367373960,2017-12-12T23:29:59,32.70491,-117.16304,0.0,-101.0,8.0,MARIETTA,,WJ6405,1012,undefined,28.86,9.1,,,252-901,338208423,2017-12-12T23:29:59,32.72710,-117.20279,0.0,110.9,511.0,LEILA,,,1019,,13.99,4.2,,,252-901
367373960,2017-12-12T23:29:59,32.70491,-117.16304,0.0,-101.0,8.0,MARIETTA,,WJ6405,1012,undefined,28.86,9.1,,,252.5-900.5,338208423,2017-12-12T23:29:59,32.72710,-117.20279,0.0,110.9,511.0,LEILA,,,1019,,13.99,4.2,,,252.5-900.5
367373960,2017-12-12T23:29:59,32.70491,-117.16304,0.0,-101.0,8.0,MARIETTA,,WJ6405,1012,undefined,28.86,9.1,,,252.5-901,338208423,2017-12-12T23:29:59,32.72710,-117.20279,0.0,110.9,511.0,LEILA,,,1019,,13.99,4.2,,,252.5-901
367569830,2017-12-13T00:28:27,33.72850,-118.26157,3.8,-64.4,325.0,ROBERT FRANCO,IMO9694311,WDG7687,1025,under way using engine,31.62,12.19,,,260-908.5,367533290,2017-12-13T00:28:22,33.73449,-118.27069,0.1,-114.8,511.0,MARIE CHERAMIE,IMO8964862,WDG4131,1010,under way using engine,49.71,13.41,3.1,70,260-908.5
367569830,2017-12-13T00:28:27,33.72850,-118.26157,3.8,-64.4,325.0,ROBERT FRANCO,IMO9694311,WDG7687,1025,under way using engine,31.62,12.19,,,260-909,367533290,2017-12-13T00:28:22,33.73449,-118.27069,0.1,-114.8,511.0,MARIE CHERAMIE,IMO8964862,WDG4131,1010,under way using engine,49.71,13.41,3.1,70,260-909
367569830,2017-12-13T00:28:27,33.72850,-118.26157,3.8,-64.4,325.0,ROBERT FRANCO,IMO9694311,WDG7687,1025,under way using engine,31.62,12.19,,,260.5-908.5,367533290,2017-12-13T00:28:22,33.73449,-118.27069,0.1,-114.8,511.0,MARIE CHERAMIE,IMO8964862,WDG4131,1010,under way using engine,49.71,13.41,3.1,70,260.5-908.5
367569830,2017-12-13T00:28:27,33.72850,-118.26157,3.8,-64.4,325.0,ROBERT FRANCO,IMO9694311,WDG7687,1025,under way using engine,31.62,12.19,,,260.5-909,367533290,2017-12-13T00:28:22,33.73449,-118.27069,0.1,-114.8,511.0,MARIE CHERAMIE,IMO8964862,WDG4131,1010,under way using engine,49.71,13.41,3.1,70,260.5-909
367789430,2017-12-13T00:43:26,33.97719,-118.44988,0.0,0.0,511.0,CASTELLO,,WDJ5599,1019,,,,,,262-910.5,319630000,2017-12-13T00:43:25,33.97195,-118.44933,0.2,-49.6,511.0,ATTESSA IV,IMO9179830,ZCTB7,1019,moored,92,12.84,,,262-910.5
367789430,2017-12-13T00:43:26,33.97719,-118.44988,0.0,0.0,511.0,CASTELLO,,WDJ5599,1019,,,,,,262-911,319630000,2017-12-13T00:43:25,33.97195,-118.44933,0.2,-49.6,511.0,ATTESSA IV,IMO9179830,ZCTB7,1019,moored,92,12.84,,,262-911
367789430,2017-12-13T00:43:26,33.97719,-118.44988,0.0,0.0,511.0,CASTELLO,,WDJ5599,1019,,,,,,262.5-910.5,319630000,2017-12-13T00:43:25,33.97195,-118.44933,0.2,-49.6,511.0,ATTESSA IV,IMO9179830,ZCTB7,1019,moored,92,12.84,,,262.5-910.5
367789430,2017-12-13T00:43:26,33.97719,-118.44988,0.0,0.0,511.0,CASTELLO,,WDJ5599,1019,,,,,,262.5-911,319630000,2017-12-13T00:43:25,33.97195,-118.44933,0.2,-49.6,511.0,ATTESSA IV,IMO9179830,ZCTB7,1019,moored,92,12.84,,,262.5-911
367702780,2017-12-13T01:11:29,33.73531,-118.17906,3.4,146.3,19.0,SARAH,IMO9824887,WDI4859,1025,under way using engine,23.8,,,,260-908.5,563029700,2017-12-13T01:11:31,33.74681,-118.20666,0.0,64.0,181.0,LOWLANDS NELLO,IMO9724192,9V5332,1004,moored,229,32.24,,,260-908.5
367702780,2017-12-13T01:11:29,33.73531,-118.17906,3.4,146.3,19.0,SARAH,IMO9824887,WDI4859,1025,under way using engine,23.8,,,,260-908.5,338174439,2017-12-13T01:11:31,33.76010,-118.18535,0.0,127.0,511.0,ANN-ELYSE,,,,,,,,,260-908.5
563029700,2017-12-13T01:11:31,33.74681,-118.20666,0.0,64.0,181.0,LOWLANDS NELLO,IMO9724192,9V5332,1004,moored,229,32.24,,,260-908.5,338174439,2017-12-13T01:11:31,33.76010,-118.18535,0.0,127.0,511.0,ANN-ELYSE,,,,,,,,,260-908.5
367702780,2017-12-13T01:11:29,33.73531,-118.17906,3.4,146.3,19.0,SARAH,IMO9824887,WDI4859,1025,under way using engine,23.8,,,,260-909,563029700,2017-12-13T01:11:31,33.74681,-118.20666,0.0,64.0,181.0,LOWLANDS NELLO,IMO9724192,9V5332,1004,moored,229,32.24,,,260-909
367702780,2017-12-13T01:11:29,33.73531,-118.17906,3.4,146.3,19.0,SARAH,IMO9824887,WDI4859,1025,under way using engine,23.8,,,,260-909,338174439,2017-12-13T01:11:31,33.76010,-118.18535,0.0,127.0,511.0,ANN-ELYSE,,,,,,,,,260-909
563029700,2017-12-13T01:11:31,33.74681,-118.20666,0.0,64.0,181.0,LOWLANDS NELLO,IMO9724192,9V5332,1004,moored,229,32.24,,,260-909,338174439,2017-12-13T01:11:31,33.76010,-118.18535,0.0,127.0,511.0,ANN-ELYSE,,,,,,,,,260-909
367702780,2017-12-13T01:11:29,33.73531,-118.17906,3.4,146.3,19.0,SARAH,IMO9824887,WDI4859,1025,under way using engine,23.8,,,,260.5-908.5,563029700,2017-12-13T01:11:31,33.74681,-118.20666,0.0,64.0,181.0,LOWLANDS NELLO,IMO9724192,9V5332,1004,moored,229,32.24,,,260.5-908.5
367702780,2017-12-13T01:11:29,33.73531,-118.17906,3.4,146.3,19.0,SARAH,IMO9824887,WDI4859,1025,under way using engine,23.8,,,,260.5-908.5,338174439,2017-12-13T01:11:31,33.76010,-118.18535,0.0,127.0,511.0,ANN-ELYSE,,,,,,,,,260.5-908.5
563029700,2017-12-13T01:11:31,33.74681,-118.20666,0.0,64.0,181.0,LOWLANDS NELLO,IMO9724192,9V5332,1004,moored,229,32.24,,,260.5-908.5,338174439,2017-12-13T01:11:31,33.76010,-118.18535,0.0,127.0,511.0,ANN-ELYSE,,,,,,,,,260.5-908.5
367702780,2017-12-13T01:11:29,33.73531,-118.17906,3.4,146.3,19.0,SARAH,IMO9824887,WDI4859,1025,under way using engine,23.8,,,,260.5-909,563029700,2017-12-13T01:11:31,33.74681,-118.20666,0.0,64.0,181.0,LOWLANDS NELLO,IMO9724192,9V5332,1004,moored,229,32.24,,,260.5-909
367702780,2017-12-13T01:11:29,33.73531,-118.17906,3.4,146.3,19.0,SARAH,IMO9824887,WDI4859,1025,under way using engine,23.8,,,,260.5-909,338174439,2017-12-13T01:11:31,33.76010,-118.18535,0.0,127.0,511.0,ANN-ELYSE,,,,,,,,,260.5-909
563029700,2017-12-13T01:11:31,33.74681,-118.20666,0.0,64.0,181.0,LOWLANDS NELLO,IMO9724192,9V5332,1004,moored,229,32.24,,,260.5-909,338174439,2017-12-13T01:11:31,33.76010,-118.18535,0.0,127.0,511.0,ANN-ELYSE,,,,,,,,,260.5-909
367661930,2017-12-13T04:10:59,33.76062,-118.25766,5.0,-175.0,228.0,MICHELLE SLOAN,IMO9747819,WDH8832,1025,under way using engine,24.6,,,,260-908.5,367766860,2017-12-13T04:11:00,33.77154,-118.21191,0.0,0.0,511.0,SEANA C,,WDJ3319,1025,under way using engine,21.43,7.3,,,260-908.5
367661930,2017-12-13T04:10:59,33.76062,-118.25766,5.0,-175.0,228.0,MICHELLE SLOAN,IMO9747819,WDH8832,1025,under way using engine,24.6,,,,260-909,367766860,2017-12-13T04:11:00,33.77154,-118.21191,0.0,0.0,511.0,SEANA C,,WDJ3319,1025,under way using engine,21.43,7.3,,,260-909
367661930,2017-12-13T04:10:59,33.76062,-118.25766,5.0,-175.0,228.0,MICHELLE SLOAN,IMO9747819,WDH8832,1025,under way using engine,24.6,,,,260.5-908.5,367766860,2017-12-13T04:11:00,33.77154,-118.21191,0.0,0.0,511.0,SEANA C,,WDJ3319,1025,under way using engine,21.43,7.3,,,260.5-908.5
367661930,2017-12-13T04:10:59,33.76062,-118.25766,5.0,-175.0,228.0,MICHELLE SLOAN,IMO9747819,WDH8832,1025,under way using engine,24.6,,,,260.5-909,367766860,2017-12-13T04:11:00,33.77154,-118.21191,0.0,0.0,511.0,SEANA C,,WDJ3319,1025,under way using engine,21.43,7.3,,,260.5-909
636014558,2017-12-13T17:00:20,33.75435,-118.27554,0.1,-191.6,330.0,YM MATURITY,IMO9438535,A8UU8,1004,moored,299.2,40,,,260-908.5,367766860,2017-12-13T17:00:20,33.77129,-118.21248,0.1,-105.9,511.0,SEANA C,,WDJ3319,1025,under way using engine,21.43,7.3,,,260-908.5
636014558,2017-12-13T17:00:20,33.75435,-118.27554,0.1,-191.6,330.0,YM MATURITY,IMO9438535,A8UU8,1004,moored,299.2,40,,,260-909,367766860,2017-12-13T17:00:20,33.77129,-118.21248,0.1,-105.9,511.0,SEANA C,,WDJ3319,1025,under way using engine,21.43,7.3,,,260-909
636014558,2017-12-13T17:00:20,33.75435,-118.27554,0.1,-191.6,330.0,YM MATURITY,IMO9438535,A8UU8,1004,moored,299.2,40,,,260.5-908.5,367766860,2017-12-13T17:00:20,33.77129,-118.21248,0.1,-105.9,511.0,SEANA C,,WDJ3319,1025,under way using engine,21.43,7.3,,,260.5-908.5
636014558,2017-12-13T17:00:20,33.75435,-118.27554,0.1,-191.6,330.0,YM MATURITY,IMO9438535,A8UU8,1004,moored,299.2,40,,,260.5-909,367766860,2017-12-13T17:00:20,33.77129,-118.21248,0.1,-105.9,511.0,SEANA C,,WDJ3319,1025,under way using engine,21.43,7.3,,,260.5-909
367719640,2017-12-14T11:51:23,33.74927,-118.27367,0.0,-87.1,322.0,CATALINA PROVIDER,IMO8793562,WDI6530,1004,under way using engine,,,,,260-908.5,366760710,2017-12-14T11:51:25,33.74405,-118.20432,0.0,-175.6,511.0,REDONDO,,WCD3906,1012,under way using engine,18.78,7.6,,,260-908.5
367719640,2017-12-14T11:51:23,33.74927,-118.27367,0.0,-87.1,322.0,CATALINA PROVIDER,IMO8793562,WDI6530,1004,under way using engine,,,,,260-909,366760710,2017-12-14T11:51:25,33.74405,-118.20432,0.0,-175.6,511.0,REDONDO,,WCD3906,1012,under way using engine,18.78,7.6,,,260-909
367719640,2017-12-14T11:51:23,33.74927,-118.27367,0.0,-87.1,322.0,CATALINA PROVIDER,IMO8793562,WDI6530,1004,under way using engine,,,,,260.5-908.5,366760710,2017-12-14T11:51:25,33.74405,-118.20432,0.0,-175.6,511.0,REDONDO,,WCD3906,1012,under way using engine,18.78,7.6,,,260.5-908.5
367719640,2017-12-14T11:51:23,33.74927,-118.27367,0.0,-87.1,322.0,CATALINA PROVIDER,IMO8793562,WDI6530,1004,under way using engine,,,,,260.5-909,366760710,2017-12-14T11:51:25,33.74405,-118.20432,0.0,-175.6,511.0,REDONDO,,WCD3906,1012,under way using engine,18.78,7.6,,,260.5-909
367044560,2017-12-14T20:50:33,33.72135,-118.27127,0.1,-103.4,511.0,PHINEAS BANNING,,WCT8646,,undefined,15.76,4.7,,,260-908.5,367034960,2017-12-14T20:50:38,33.76760,-118.21698,0.0,-170.0,511.0,PONO,,WCB4095,1025,under way using engine,22.95,8.7,,,260-908.5
367044560,2017-12-14T20:50:33,33.72135,-118.27127,0.1,-103.4,511.0,PHINEAS BANNING,,WCT8646,,undefined,15.76,4.7,,,260-909,367034960,2017-12-14T20:50:38,33.76760,-118.21698,0.0,-170.0,511.0,PONO,,WCB4095,1025,under way using engine,22.95,8.7,,,260-909
367044560,2017-12-14T20:50:33,33.72135,-118.27127,0.1,-103.4,511.0,PHINEAS BANNING,,WCT8646,,undefined,15.76,4.7,,,260.5-908.5,367034960,2017-12-14T20:50:38,33.76760,-118.21698,0.0,-170.0,511.0,PONO,,WCB4095,1025,under way using engine,22.95,8.7,,,260.5-908.5
367044560,2017-12-14T20:50:33,33.72135,-118.27127,0.1,-103.4,511.0,PHINEAS BANNING,,WCT8646,,undefined,15.76,4.7,,,260.5-909,367034960,2017-12-14T20:50:38,33.76760,-118.21698,0.0,-170.0,511.0,PONO,,WCB4095,1025,under way using engine,22.95,8.7,,,260.5-909
338214697,2017-12-14T21:02:05,32.72436,-117.22533,0.0,102.8,511.0,EAGLE,,,1019,,,,,,252-900.5,338154885,2017-12-14T21:02:08,32.70577,-117.16400,0.0,-189.0,511.0,CELY 5.0,,,1019,,,,,,252-900.5
338214697,2017-12-14T21:02:05,32.72436,-117.22533,0.0,102.8,511.0,EAGLE,,,1019,,,,,,252-901,338154885,2017-12-14T21:02:08,32.70577,-117.16400,0.0,-189.0,511.0,CELY 5.0,,,1019,,,,,,252-901
338214697,2017-12-14T21:02:05,32.72436,-117.22533,0.0,102.8,511.0,EAGLE,,,1019,,,,,,252.5-900.5,338154885,2017-12-14T21:02:08,32.70577,-117.16400,0.0,-189.0,511.0,CELY 5.0,,,1019,,,,,,252.5-900.5
338214697,2017-12-14T21:02:05,32.72436,-117.22533,0.0,102.8,511.0,EAGLE,,,1019,,,,,,252.5-901,338154885,2017-12-14T21:02:08,32.70577,-117.16400,0.0,-189.0,511.0,CELY 5.0,,,1019,,,,,,252.5-901
338167955,2017-12-15T08:43:14,33.61902,-117.92389,0.0,55.0,511.0,BULL PEN,,,1019,,14.78,,,,259-906.5,367578980,2017-12-15T08:43:15,33.61758,-117.92029,0.0,-148.8,511.0,SELAH,,WDG8578,1019,undefined,25.24,,,,259-906.5
338167955,2017-12-15T08:43:14,33.61902,-117.92389,0.0,55.0,511.0,BULL PEN,,,1019,,14.78,,,,259-907,367578980,2017-12-15T08:43:15,33.61758,-117.92029,0.0,-148.8,511.0,SELAH,,WDG8578,1019,undefined,25.24,,,,259-907
338167955,2017-12-15T08:43:14,33.61902,-117.92389,0.0,55.0,511.0,BULL PEN,,,1019,,14.78,,,,259.5-906.5,367578980,2017-12-15T08:43:15,33.61758,-117.92029,0.0,-148.8,511.0,SELAH,,WDG8578,1019,undefined,25.24,,,,259.5-906.5
338167955,2017-12-15T08:43:14,33.61902,-117.92389,0.0,55.0,511.0,BULL PEN,,,1019,,14.78,,,,259.5-907,367578980,2017-12-15T08:43:15,33.61758,-117.92029,0.0,-148.8,511.0,SELAH,,WDG8578,1019,undefined,25.24,,,,259.5-907
367046140,2017-12-15T12:39:24,32.72295,-117.22711,0.0,-49.6,511.0,JIG STRIKE,,WDC5769,1012,under way using engine,15.73,5.1,,,252-900.5,538070070,2017-12-15T12:39:27,32.71010,-117.23314,0.0,163.6,348.0,TRITON,IMO9093799,V7GF5,1019,under way using engine,39.8,9.34,,,252-900.5
367046140,2017-12-15T12:39:24,32.72295,-117.22711,0.0,-49.6,511.0,JIG STRIKE,,WDC5769,1012,under way using engine,15.73,5.1,,,252-901,538070070,2017-12-15T12:39:27,32.71010,-117.23314,0.0,163.6,348.0,TRITON,IMO9093799,V7GF5,1019,under way using engine,39.8,9.34,,,252-901
367046140,2017-12-15T12:39:24,32.72295,-117.22711,0.0,-49.6,511.0,JIG STRIKE,,WDC5769,1012,under way using engine,15.73,5.1,,,252.5-900.5,538070070,2017-12-15T12:39:27,32.71010,-117.23314,0.0,163.6,348.0,TRITON,IMO9093799,V7GF5,1019,under way using engine,39.8,9.34,,,252.5-900.5
367046140,2017-12-15T12:39:24,32.72295,-117.22711,0.0,-49.6,511.0,JIG STRIKE,,WDC5769,1012,under way using engine,15.73,5.1,,,252.5-901,538070070,2017-12-15T12:39:27,32.71010,-117.23314,0.0,163.6,348.0,TRITON,IMO9093799,V7GF5,1019,under way using engine,39.8,9.34,,,252.5-901
338070513,2017-12-15T22:22:06,33.75835,-118.18390,0.1,-107.3,161.0,SEAWAY 126,,,,,,,,,260-908.5,367034960,2017-12-15T22:22:07,33.76758,-118.21699,0.0,-126.7,511.0,PONO,,WCB4095,1025,under way using engine,22.95,8.7,,,260-908.5
338070513,2017-12-15T22:22:06,33.75835,-118.18390,0.1,-107.3,161.0,SEAWAY 126,,,,,,,,,260-909,367034960,2017-12-15T22:22:07,33.76758,-118.21699,0.0,-126.7,511.0,PONO,,WCB4095,1025,under way using engine,22.95,8.7,,,260-909
338070513,2017-12-15T22:22:06,33.75835,-118.18390,0.1,-107.3,161.0,SEAWAY 126,,,,,,,,,260.5-908.5,367034960,2017-12-15T22:22:07,33.76758,-118.21699,0.0,-126.7,511.0,PONO,,WCB4095,1025,under way using engine,22.95,8.7,,,260.5-908.5
338070513,2017-12-15T22:22:06,33.75835,-118.18390,0.1,-107.3,161.0,SEAWAY 126,,,,,,,,,260.5-909,367034960,2017-12-15T22:22:07,33.76758,-118.21699,0.0,-126.7,511.0,PONO,,WCB4095,1025,under way using engine,22.95,8.7,,,260.5-909
369725000,2017-12-16T08:21:17,33.73315,-118.27636,0.0,-49.6,511.0,IRVING JOHNSON,,WDB3153,1022,moored,22.83,6.6,,,260-908.5,366938510,2017-12-16T08:21:17,33.75650,-118.27926,0.0,26.1,234.0,KLIHYAM,IMO7644271,WDB7218,1025,moored,36.04,10.36,,,260-908.5
369725000,2017-12-16T08:21:17,33.73315,-118.27636,0.0,-49.6,511.0,IRVING JOHNSON,,WDB3153,1022,moored,22.83,6.6,,,260-909,366938510,2017-12-16T08:21:17,33.75650,-118.27926,0.0,26.1,234.0,KLIHYAM,IMO7644271,WDB7218,1025,moored,36.04,10.36,,,260-909
369725000,2017-12-16T08:21:17,33.73315,-118.27636,0.0,-49.6,511.0,IRVING JOHNSON,,WDB3153,1022,moored,22.83,6.6,,,260.5-908.5,366938510,2017-12-16T08:21:17,33.75650,-118.27926,0.0,26.1,234.0,KLIHYAM,IMO7644271,WDB7218,1025,moored,36.04,10.36,,,260.5-908.5
369725000,2017-12-16T08:21:17,33.73315,-118.27636,0.0,-49.6,511.0,IRVING JOHNSON,,WDB3153,1022,moored,22.83,6.6,,,260.5-909,366938510,2017-12-16T08:21:17,33.75650,-118.27926,0.0,26.1,234.0,KLIHYAM,IMO7644271,WDB7218,1025,moored,36.04,10.36,,,260.5-909
367381060,2017-12-17T00:37:23,32.72321,-117.17372,0.0,156.7,511.0,WINDFALL II,,WCC6031,1013,,9.6,3.3,,,252-900.5,338163893,2017-12-17T00:37:25,32.72556,-117.19134,0.0,0.0,511.0,JUSTIFIED,,,1019,,19.78,,,,252-900.5
367381060,2017-12-17T00:37:23,32.72321,-117.17372,0.0,156.7,511.0,WINDFALL II,,WCC6031,1013,,9.6,3.3,,,252-901,338163893,2017-12-17T00:37:25,32.72556,-117.19134,0.0,0.0,511.0,JUSTIFIED,,,1019,,19.78,,,,252-901
367381060,2017-12-17T00:37:23,32.72321,-117.17372,0.0,156.7,511.0,WINDFALL II,,WCC6031,1013,,9.6,3.3,,,252.5-900.5,338163893,2017-12-17T00:37:25,32.72556,-117.19134,0.0,0.0,511.0,JUSTIFIED,,,1019,,19.78,,,,252.5-900.5
367381060,2017-12-17T00:37:23,32.72321,-117.17372,0.0,156.7,511.0,WINDFALL II,,WCC6031,1013,,9.6,3.3,,,252.5-901,338163893,2017-12-17T00:37:25,32.72556,-117.19134,0.0,0.0,511.0,JUSTIFIED,,,1019,,19.78,,,,252.5-901
367360430,2017-12-17T02:46:01,32.70279,-117.16237,6.4,-54.7,511.0,SILVERGATE,,WDE4978,1012,undefined,17.83,6.5,,,252-900.5,367046140,2017-12-17T02:46:03,32.72296,-117.22711,0.0,-49.6,511.0,JIG STRIKE,,WDC5769,1012,under way using engine,15.73,5.1,,,252-900.5
367360430,2017-12-17T02:46:01,32.70279,-117.16237,6.4,-54.7,511.0,SILVERGATE,,WDE4978,1012,undefined,17.83,6.5,,,252-901,367046140,2017-12-17T02:46:03,32.72296,-117.22711,0.0,-49.6,511.0,JIG STRIKE,,WDC5769,1012,under way using engine,15.73,5.1,,,252-901
367360430,2017-12-17T02:46:01,32.70279,-117.16237,6.4,-54.7,511.0,SILVERGATE,,WDE4978,1012,undefined,17.83,6.5,,,252.5-900.5,367046140,2017-12-17T02:46:03,32.72296,-117.22711,0.0,-49.6,511.0,JIG STRIKE,,WDC5769,1012,under way using engine,15.73,5.1,,,252.5-900.5
367360430,2017-12-17T02:46:01,32.70279,-117.16237,6.4,-54.7,511.0,SILVERGATE,,WDE4978,1012,undefined,17.83,6.5,,,252.5-901,367046140,2017-12-17T02:46:03,32.72296,-117.22711,0.0,-49.6,511.0,JIG STRIKE,,WDC5769,1012,under way using engine,15.73,5.1,,,252.5-901
338174439,2017-12-17T12:19:54,33.76011,-118.18531,0.0,113.3,511.0,ANN-ELYSE,,,,,,,,,260-908.5,338240395,2017-12-17T12:19:52,33.72352,-118.28124,0.0,41.2,511.0,TIDAL WAVE,,,1019,,,,,,260-908.5
338174439,2017-12-17T12:19:54,33.76011,-118.18531,0.0,113.3,511.0,ANN-ELYSE,,,,,,,,,260-909,338240395,2017-12-17T12:19:52,33.72352,-118.28124,0.0,41.2,511.0,TIDAL WAVE,,,1019,,,,,,260-909
338174439,2017-12-17T12:19:54,33.76011,-118.18531,0.0,113.3,511.0,ANN-ELYSE,,,,,,,,,260.5-908.5,338240395,2017-12-17T12:19:52,33.72352,-118.28124,0.0,41.2,511.0,TIDAL WAVE,,,1019,,,,,,260.5-908.5
338174439,2017-12-17T12:19:54,33.76011,-118.18531,0.0,113.3,511.0,ANN-ELYSE,,,,,,,,,260.5-909,338240395,2017-12-17T12:19:52,33.72352,-118.28124,0.0,41.2,511.0,TIDAL WAVE,,,1019,,,,,,260.5-909
367033990,2017-12-17T21:22:37,32.72327,-117.22707,0.0,-49.6,511.0,PRODUCER,,WDH9695,1012,under way using engine,18.9,6.4,,,252-900.5,378111612,2017-12-17T21:22:39,32.71229,-117.23081,0.0,200.0,511.0,MALIKALALOU,,ZJL8248,,,,,,,252-900.5
367033990,2017-12-17T21:22:37,32.72327,-117.22707,0.0,-49.6,511.0,PRODUCER,,WDH9695,1012,under way using engine,18.9,6.4,,,252-901,378111612,2017-12-17T21:22:39,32.71229,-117.23081,0.0,200.0,511.0,MALIKALALOU,,ZJL8248,,,,,,,252-901
367033990,2017-12-17T21:22:37,32.72327,-117.22707,0.0,-49.6,511.0,PRODUCER,,WDH9695,1012,under way using engine,18.9,6.4,,,252.5-900.5,378111612,2017-12-17T21:22:39,32.71229,-117.23081,0.0,200.0,511.0,MALIKALALOU,,ZJL8248,,,,,,,252.5-900.5
367033990,2017-12-17T21:22:37,32.72327,-117.22707,0.0,-49.6,511.0,PRODUCER,,WDH9695,1012,under way using engine,18.9,6.4,,,252.5-901,378111612,2017-12-17T21:22:39,32.71229,-117.23081,0.0,200.0,511.0,MALIKALALOU,,ZJL8248,,,,,,,252.5-901
367042740,2017-12-18T02:50:42,32.63943,-117.23191,10.5,20.2,511.0,,,,,under way using engine,,,,,252-900.5,367375550,2017-12-18T02:50:43,32.70700,-117.17045,4.3,129.2,511.0,AMERICA,,WDE6076,1012,under way using engine,28.68,7.6,,,252-900.5
367042740,2017-12-18T02:50:42,32.63943,-117.23191,10.5,20.2,511.0,,,,,under way using engine,,,,,252-901,367375550,2017-12-18T02:50:43,32.70700,-117.17045,4.3,129.2,511.0,AMERICA,,WDE6076,1012,under way using engine,28.68,7.6,,,252-901
367042740,2017-12-18T02:50:42,32.63943,-117.23191,10.5,20.2,511.0,,,,,under way using engine,,,,,252.5-900.5,367375550,2017-12-18T02:50:43,32.70700,-117.17045,4.3,129.2,511.0,AMERICA,,WDE6076,1012,under way using engine,28.68,7.6,,,252.5-900.5
367042740,2017-12-18T02:50:42,32.63943,-117.23191,10.5,20.2,511.0,,,,,under way using engine,,,,,252.5-901,367375550,2017-12-18T02:50:43,32.70700,-117.17045,4.3,129.2,511.0,AMERICA,,WDE6076,1012,under way using engine,28.68,7.6,,,252.5-901
303668000,2017-12-18T04:21:18,33.75467,-118.26797,0.1,-55.2,177.0,GULF RELIANCE,IMO9398474,WDD2703,1025,moored,41.14,12.8,,,260-908.5,338108778,2017-12-18T04:21:19,33.72334,-118.28227,0.0,-49.6,511.0,STERN WORDS II,,,1019,,,,,,260-908.5
303668000,2017-12-18T04:21:18,33.75467,-118.26797,0.1,-55.2,177.0,GULF RELIANCE,IMO9398474,WDD2703,1025,moored,41.14,12.8,,,260-909,338108778,2017-12-18T04:21:19,33.72334,-118.28227,0.0,-49.6,511.0,STERN WORDS II,,,1019,,,,,,260-909
303668000,2017-12-18T04:21:18,33.75467,-118.26797,0.1,-55.2,177.0,GULF RELIANCE,IMO9398474,WDD2703,1025,moored,41.14,12.8,,,260.5-908.5,338108778,2017-12-18T04:21:19,33.72334,-118.28227,0.0,-49.6,511.0,STERN WORDS II,,,1019,,,,,,260.5-908.5
303668000,2017-12-18T04:21:18,33.75467,-118.26797,0.1,-55.2,177.0,GULF RELIANCE,IMO9398474,WDD2703,1025,moored,41.14,12.8,,,260.5-909,338108778,2017-12-18T04:21:19,33.72334,-118.28227,0.0,-49.6,511.0,STERN WORDS II,,,1019,,,,,,260.5-909
367754620,2017-12-18T06:27:56,32.72656,-117.20177,0.0,-191.5,511.0,TENACIOUS,,WDJ2035,1022,,,,,,252-900.5,338302496,2017-12-18T06:27:53,32.72556,-117.18877,0.0,186.5,511.0,DOC'S HOLIDAY,,,,,,,,,252-900.5
367754620,2017-12-18T06:27:56,32.72656,-117.20177,0.0,-191.5,511.0,TENACIOUS,,WDJ2035,1022,,,,,,252-901,338302496,2017-12-18T06:27:53,32.72556,-117.18877,0.0,186.5,511.0,DOC'S HOLIDAY,,,,,,,,,252-901
367754620,2017-12-18T06:27:56,32.72656,-117.20177,0.0,-191.5,511.0,TENACIOUS,,WDJ2035,1022,,,,,,252.5-900.5,338302496,2017-12-18T06:27:53,32.72556,-117.18877,0.0,186.5,511.0,DOC'S HOLIDAY,,,,,,,,,252.5-900.5
367754620,2017-12-18T06:27:56,32.72656,-117.20177,0.0,-191.5,511.0,TENACIOUS,,WDJ2035,1022,,,,,,252.5-901,338302496,2017-12-18T06:27:53,32.72556,-117.18877,0.0,186.5,511.0,DOC'S HOLIDAY,,,,,,,,,252.5-901
338162855,2017-12-18T14:41:10,33.97278,-118.45052,0.0,-195.3,511.0,TRANQUILO,,,,,11.15,,,,262-910.5,338032837,2017-12-18T14:41:11,33.98326,-118.44870,0.0,-49.6,511.0,FANTASEA ONE,IMO303174162,WCZ2107,60,undefined,27,10,,,262-910.5
338162855,2017-12-18T14:41:10,33.97278,-118.45052,0.0,-195.3,511.0,TRANQUILO,,,,,11.15,,,,262-911,338032837,2017-12-18T14:41:11,33.98326,-118.44870,0.0,-49.6,511.0,FANTASEA ONE,IMO303174162,WCZ2107,60,undefined,27,10,,,262-911
338162855,2017-12-18T14:41:10,33.97278,-118.45052,0.0,-195.3,511.0,TRANQUILO,,,,,11.15,,,,262.5-910.5,338032837,2017-12-18T14:41:11,33.98326,-118.44870,0.0,-49.6,511.0,FANTASEA ONE,IMO303174162,WCZ2107,60,undefined,27,10,,,262.5-910.5
338162855,2017-12-18T14:41:10,33.97278,-118.45052,0.0,-195.3,511.0,TRANQUILO,,,,,11.15,,,,262.5-911,338032837,2017-12-18T14:41:11,33.98326,-118.44870,0.0,-49.6,511.0,FANTASEA ONE,IMO303174162,WCZ2107,60,undefined,27,10,,,262.5-911
368378000,2017-12-19T02:25:30,32.71975,-117.22438,0.0,-187.5,511.0,NYALA,,WCX2172,1019,,33.92,6.5,,,252-900.5,338214493,2017-12-19T02:25:32,32.71724,-117.22450,0.0,30.9,511.0,THAT'S GOOD!,,,1019,,,,,,252-900.5
368378000,2017-12-19T02:25:30,32.71975,-117.22438,0.0,-187.5,511.0,NYALA,,WCX2172,1019,,33.92,6.5,,,252-901,338214493,2017-12-19T02:25:32,32.71724,-117.22450,0.0,30.9,511.0,THAT'S GOOD!,,,1019,,,,,,252-901
368378000,2017-12-19T02:25:30,32.71975,-117.22438,0.0,-187.5,511.0,NYALA,,WCX2172,1019,,33.92,6.5,,,252.5-900.5,338214493,2017-12-19T02:25:32,32.71724,-117.22450,0.0,30.9,511.0,THAT'S GOOD!,,,1019,,,,,,252.5-900.5
368378000,2017-12-19T02:25:30,32.71975,-117.22438,0.0,-187.5,511.0,NYALA,,WCX2172,1019,,33.92,6.5,,,252.5-901,338214493,2017-12-19T02:25:32,32.71724,-117.22450,0.0,30.9,511.0,THAT'S GOOD!,,,1019,,,,,,252.5-901
367402860,2017-12-19T08:26:23,32.72715,-117.20773,0.0,103.1,511.0,CONQUISTADOR,IMO8886929,WDE8212,1001,,22.4,6.95,,,252-900.5,338177481,2017-12-19T08:26:25,32.71486,-117.23317,0.0,20.2,511.0,CINDERELLA,,,1019,,11.46,,,,252-900.5
367402860,2017-12-19T08:26:23,32.72715,-117.20773,0.0,103.1,511.0,CONQUISTADOR,IMO8886929,WDE8212,1001,,22.4,6.95,,,252-901,338177481,2017-12-19T08:26:25,32.71486,-117.23317,0.0,20.2,511.0,CINDERELLA,,,1019,,11.46,,,,252-901
367402860,2017-12-19T08:26:23,32.72715,-117.20773,0.0,103.1,511.0,CONQUISTADOR,IMO8886929,WDE8212,1001,,22.4,6.95,,,252.5-900.5,338177481,2017-12-19T08:26:25,32.71486,-117.23317,0.0,20.2,511.0,CINDERELLA,,,1019,,11.46,,,,252.5-900.5
367402860,2017-12-19T08:26:23,32.72715,-117.20773,0.0,103.1,511.0,CONQUISTADOR,IMO8886929,WDE8212,1001,,22.4,6.95,,,252.5-901,338177481,2017-12-19T08:26:25,32.71486,-117.23317,0.0,20.2,511.0,CINDERELLA,,,1019,,11.46,,,,252.5-901
310361000,2017-12-19T14:24:29,33.74843,-118.27765,0.0,-109.6,300.0,STAR PRINCESS,IMO9192363,ZCDD6,1012,moored,289.51,36.03,8.4,69,260-908.5,366768030,2017-12-19T14:24:31,33.71468,-118.18652,26.1,189.7,511.0,STARSHIP EXPRESS,IMO9198472,WCZ3442,1012,moored,41,10.48,1.4,40,260-908.5
310361000,2017-12-19T14:24:29,33.74843,-118.27765,0.0,-109.6,300.0,STAR PRINCESS,IMO9192363,ZCDD6,1012,moored,289.51,36.03,8.4,69,260-909,366768030,2017-12-19T14:24:31,33.71468,-118.18652,26.1,189.7,511.0,STARSHIP EXPRESS,IMO9198472,WCZ3442,1012,moored,41,10.48,1.4,40,260-909
310361000,2017-12-19T14:24:29,33.74843,-118.27765,0.0,-109.6,300.0,STAR PRINCESS,IMO9192363,ZCDD6,1012,moored,289.51,36.03,8.4,69,260.5-908.5,366768030,2017-12-19T14:24:31,33.71468,-118.18652,26.1,189.7,511.0,STARSHIP EXPRESS,IMO9198472,WCZ3442,1012,moored,41,10.48,1.4,40,260.5-908.5
310361000,2017-12-19T14:24:29,33.74843,-118.27765,0.0,-109.6,300.0,STAR PRINCESS,IMO9192363,ZCDD6,1012,moored,289.51,36.03,8.4,69,260.5-909,366768030,2017-12-19T14:24:31,33.71468,-118.18652,26.1,189.7,511.0,STARSHIP EXPRESS,IMO9198472,WCZ3442,1012,moored,41,10.48,1.4,40,260.5-909
338231624,2017-12-20T16:39:58,33.61002,-117.89593,0.0,91.0,511.0,,,,,,,,,,259-905.5,367531160,2017-12-20T16:40:02,33.60962,-117.89588,0.0,-167.8,511.0,HAU TREE,,WDG3933,1019,moored,18.87,,,,259-905.5
338231624,2017-12-20T16:39:58,33.61002,-117.89593,0.0,91.0,511.0,,,,,,,,,,259-906,367531160,2017-12-20T16:40:02,33.60962,-117.89588,0.0,-167.8,511.0,HAU TREE,,WDG3933,1019,moored,18.87,,,,259-906
338231624,2017-12-20T16:39:58,33.61002,-117.89593,0.0,91.0,511.0,,,,,,,,,,259.5-905.5,367531160,2017-12-20T16:40:02,33.60962,-117.89588,0.0,-167.8,511.0,HAU TREE,,WDG3933,1019,moored,18.87,,,,259.5-905.5
338231624,2017-12-20T16:39:58,33.61002,-117.89593,0.0,91.0,511.0,,,,,,,,,,259.5-906,367531160,2017-12-20T16:40:02,33.60962,-117.89588,0.0,-167.8,511.0,HAU TREE,,WDG3933,1019,moored,18.87,,,,259.5-906
538070070,2017-12-20T18:27:07,32.71008,-117.23317,0.0,-196.1,348.0,TRITON,IMO9093799,V7GF5,1019,under way using engine,39.8,9.34,,,252-900.5,338208423,2017-12-20T18:27:04,32.72710,-117.20280,0.0,129.2,511.0,LEILA,,,1019,,13.99,4.2,,,252-900.5
538070070,2017-12-20T18:27:07,32.71008,-117.23317,0.0,-196.1,348.0,TRITON,IMO9093799,V7GF5,1019,under way using engine,39.8,9.34,,,252-901,338208423,2017-12-20T18:27:04,32.72710,-117.20280,0.0,129.2,511.0,LEILA,,,1019,,13.99,4.2,,,252-901
538070070,2017-12-20T18:27:07,32.71008,-117.23317,0.0,-196.1,348.0,TRITON,IMO9093799,V7GF5,1019,under way using engine,39.8,9.34,,,252.5-900.5,338208423,2017-12-20T18:27:04,32.72710,-117.20280,0.0,129.2,511.0,LEILA,,,1019,,13.99,4.2,,,252.5-900.5
538070070,2017-12-20T18:27:07,32.71008,-117.23317,0.0,-196.1,348.0,TRITON,IMO9093799,V7GF5,1019,under way using engine,39.8,9.34,,,252.5-901,338208423,2017-12-20T18:27:04,32.72710,-117.20280,0.0,129.2,511.0,LEILA,,,1019,,13.99,4.2,,,252.5-901
367625810,2017-12-21T03:30:25,33.73210,-118.20522,0.2,-185.6,339.0,VETERAN,IMO9765720,WDH5227,1025,under way using engine,31.62,12.19,,,260-908.5,367017440,2017-12-21T03:30:21,33.77081,-118.21209,0.0,-175.2,511.0,PIPER INNESS,IMO8964109,WDC3984,1010,under way using engine,42.7,8.8,,,260-908.5
367625810,2017-12-21T03:30:25,33.73210,-118.20522,0.2,-185.6,339.0,VETERAN,IMO9765720,WDH5227,1025,under way using engine,31.62,12.19,,,260-909,367017440,2017-12-21T03:30:21,33.77081,-118.21209,0.0,-175.2,511.0,PIPER INNESS,IMO8964109,WDC3984,1010,under way using engine,42.7,8.8,,,260-909
367625810,2017-12-21T03:30:25,33.73210,-118.20522,0.2,-185.6,339.0,VETERAN,IMO9765720,WDH5227,1025,under way using engine,31.62,12.19,,,260.5-908.5,367017440,2017-12-21T03:30:21,33.77081,-118.21209,0.0,-175.2,511.0,PIPER INNESS,IMO8964109,WDC3984,1010,under way using engine,42.7,8.8,,,260.5-908.5
367625810,2017-12-21T03:30:25,33.73210,-118.20522,0.2,-185.6,339.0,VETERAN,IMO9765720,WDH5227,1025,under way using engine,31.62,12.19,,,260.5-909,367017440,2017-12-21T03:30:21,33.77081,-118.21209,0.0,-175.2,511.0,PIPER INNESS,IMO8964109,WDC3984,1010,under way using engine,42.7,8.8,,,260.5-909
338148873,2017-12-21T19:46:01,33.60717,-117.91482,0.0,-203.7,511.0,CAZADOR,,,1019,,14.48,,,,259-906.5,367488450,2017-12-21T19:46:00,33.61400,-117.92706,0.0,106.7,511.0,THE ONE,,WDF7817,1019,,12.83,4.1,,,259-906.5
338148873,2017-12-21T19:46:01,33.60717,-117.91482,0.0,-203.7,511.0,CAZADOR,,,1019,,14.48,,,,259-907,367488450,2017-12-21T19:46:00,33.61400,-117.92706,0.0,106.7,511.0,THE ONE,,WDF7817,1019,,12.83,4.1,,,259-907
338148873,2017-12-21T19:46:01,33.60717,-117.91482,0.0,-203.7,511.0,CAZADOR,,,1019,,14.48,,,,259.5-906.5,367488450,2017-12-21T19:46:00,33.61400,-117.92706,0.0,106.7,511.0,THE ONE,,WDF7817,1019,,12.83,4.1,,,259.5-906.5
338148873,2017-12-21T19:46:01,33.60717,-117.91482,0.0,-203.7,511.0,CAZADOR,,,1019,,14.48,,,,259.5-907,367488450,2017-12-21T19:46:00,33.61400,-117.92706,0.0,106.7,511.0,THE ONE,,WDF7817,1019,,12.83,4.1,,,259.5-907
367565750,2017-12-22T07:32:41,34.24461,-119.26444,0.0,-63.8,247.0,ISLAND EXPLORER,,WDG7285,1012,under way using engine,19.63,,,,264-916.5,367701170,2017-12-22T07:32:43,34.24219,-119.26281,0.0,-68.5,511.0,LIBERTY,,WDI4699,1019,,13.69,,,,264-916.5
367565750,2017-12-22T07:32:41,34.24461,-119.26444,0.0,-63.8,247.0,ISLAND EXPLORER,,WDG7285,1012,under way using engine,19.63,,,,264-917,367701170,2017-12-22T07:32:43,34.24219,-119.26281,0.0,-68.5,511.0,LIBERTY,,WDI4699,1019,,13.69,,,,264-917
367565750,2017-12-22T07:32:41,34.24461,-119.26444,0.0,-63.8,247.0,ISLAND EXPLORER,,WDG7285,1012,under way using engine,19.63,,,,264.5-916.5,367701170,2017-12-22T07:32:43,34.24219,-119.26281,0.0,-68.5,511.0,LIBERTY,,WDI4699,1019,,13.69,,,,264.5-916.5
367565750,2017-12-22T07:32:41,34.24461,-119.26444,0.0,-63.8,247.0,ISLAND EXPLORER,,WDG7285,1012,under way using engine,19.63,,,,264.5-917,367701170,2017-12-22T07:32:43,34.24219,-119.26281,0.0,-68.5,511.0,LIBERTY,,WDI4699,1019,,13.69,,,,264.5-917
477738500,2017-12-22T15:08:35,33.76003,-118.21428,0.0,153.0,1.0,OOCL LONDON,IMO9417268,VRGO2,1004,moored,322.97,42.8,14.5,70,260-908.5,367133160,2017-12-22T15:08:39,33.76742,-118.21755,0.0,-87.0,511.0,TECUMSEH,IMO7511503,WTW9257,1025,moored,37.34,10.37,4.2,32,260-908.5
477738500,2017-12-22T15:08:35,33.76003,-118.21428,0.0,153.0,1.0,OOCL LONDON,IMO9417268,VRGO2,1004,moored,322.97,42.8,14.5,70,260-909,367133160,2017-12-22T15:08:39,33.76742,-118.21755,0.0,-87.0,511.0,TECUMSEH,IMO7511503,WTW9257,1025,moored,37.34,10.37,4.2,32,260-909
477738500,2017-12-22T15:08:35,33.76003,-118.21428,0.0,153.0,1.0,OOCL LONDON,IMO9417268,VRGO2,1004,moored,322.97,42.8,14.5,70,260.5-908.5,367133160,2017-12-22T15:08:39,33.76742,-118.21755,0.0,-87.0,511.0,TECUMSEH,IMO7511503,WTW9257,1025,moored,37.34,10.37,4.2,32,260.5-908.5
477738500,2017-12-22T15:08:35,33.76003,-118.21428,0.0,153.0,1.0,OOCL LONDON,IMO9417268,VRGO2,1004,moored,322.97,42.8,14.5,70,260.5-909,367133160,2017-12-22T15:08:39,33.76742,-118.21755,0.0,-87.0,511.0,TECUMSEH,IMO7511503,WTW9257,1025,moored,37.34,10.37,4.2,32,260.5-909
367559940,2017-12-22T21:37:38,33.76189,-118.18284,0.1,59.6,511.0,TRAILERHOOD,,WDG6717,1019,,14.23,,,,260-908.5,367569830,2017-12-22T21:37:34,33.71499,-118.24575,7.8,74.6,73.0,ROBERT FRANCO,IMO9694311,WDG7687,1025,under way using engine,31.62,12.19,,,260-908.5
367559940,2017-12-22T21:37:38,33.76189,-118.18284,0.1,59.6,511.0,TRAILERHOOD,,WDG6717,1019,,14.23,,,,260-909,367569830,2017-12-22T21:37:34,33.71499,-118.24575,7.8,74.6,73.0,ROBERT FRANCO,IMO9694311,WDG7687,1025,under way using engine,31.62,12.19,,,260-909
367559940,2017-12-22T21:37:38,33.76189,-118.18284,0.1,59.6,511.0,TRAILERHOOD,,WDG6717,1019,,14.23,,,,260.5-908.5,367569830,2017-12-22T21:37:34,33.71499,-118.24575,7.8,74.6,73.0,ROBERT FRANCO,IMO9694311,WDG7687,1025,under way using engine,31.62,12.19,,,260.5-908.5
367559940,2017-12-22T21:37:38,33.76189,-118.18284,0.1,59.6,511.0,TRAILERHOOD,,WDG6717,1019,,14.23,,,,260.5-909,367569830,2017-12-22T21:37:34,33.71499,-118.24575,7.8,74.6,73.0,ROBERT FRANCO,IMO9694311,WDG7687,1025,under way using engine,31.62,12.19,,,260.5-909
220580000,2017-12-22T22:21:17,32.56171,-117.20962,0.3,-145.6,296.0,MAERSK LAUNCHER,IMO9425746,OUHT2,1010,at anchor,90.29,23.05,6.8,52,251-900.5,367373960,2017-12-22T22:21:20,32.62191,-117.24099,9.9,-144.3,264.0,MARIETTA,,WJ6405,1012,undefined,28.86,9.1,,,251-900.5
220580000,2017-12-22T22:21:17,32.56171,-117.20962,0.3,-145.6,296.0,MAERSK LAUNCHER,IMO9425746,OUHT2,1010,at anchor,90.29,23.05,6.8,52,251-901,367373960,2017-12-22T22:21:20,32.62191,-117.24099,9.9,-144.3,264.0,MARIETTA,,WJ6405,1012,undefined,28.86,9.1,,,251-901
220580000,2017-12-22T22:21:17,32.56171,-117.20962,0.3,-145.6,296.0,MAERSK LAUNCHER,IMO9425746,OUHT2,1010,at anchor,90.29,23.05,6.8,52,251.5-900.5,367373960,2017-12-22T22:21:20,32.62191,-117.24099,9.9,-144.3,264.0,MARIETTA,,WJ6405,1012,undefined,28.86,9.1,,,251.5-900.5
220580000,2017-12-22T22:21:17,32.56171,-117.20962,0.3,-145.6,296.0,MAERSK LAUNCHER,IMO9425746,OUHT2,1010,at anchor,90.29,23.05,6.8,52,251.5-901,367373960,2017-12-22T22:21:20,32.62191,-117.24099,9.9,-144.3,264.0,MARIETTA,,WJ6405,1012,undefined,28.86,9.1,,,251.5-901
367397250,2017-12-22T22:40:23,33.73831,-118.26689,0.0,-172.6,511.0,CAPE BLANCO,IMO8886618,WDE7758,1001,,22.31,7.62,,,260-908.5,477904300,2017-12-22T22:40:26,33.76885,-118.23072,0.0,130.3,254.0,OAKLAND EXPRESS,IMO9200811,VRMU9,1004,moored,294.06,32.3,,,260-908.5
367397250,2017-12-22T22:40:23,33.73831,-118.26689,0.0,-172.6,511.0,CAPE BLANCO,IMO8886618,WDE7758,1001,,22.31,7.62,,,260-909,477904300,2017-12-22T22:40:26,33.76885,-118.23072,0.0,130.3,254.0,OAKLAND EXPRESS,IMO9200811,VRMU9,1004,moored,294.06,32.3,,,260-909
367397250,2017-12-22T22:40:23,33.73831,-118.26689,0.0,-172.6,511.0,CAPE BLANCO,IMO8886618,WDE7758,1001,,22.31,7.62,,,260.5-908.5,477904300,2017-12-22T22:40:26,33.76885,-118.23072,0.0,130.3,254.0,OAKLAND EXPRESS,IMO9200811,VRMU9,1004,moored,294.06,32.3,,,260.5-908.5
367397250,2017-12-22T22:40:23,33.73831,-118.26689,0.0,-172.6,511.0,CAPE BLANCO,IMO8886618,WDE7758,1001,,22.31,7.62,,,260.5-909,477904300,2017-12-22T22:40:26,33.76885,-118.23072,0.0,130.3,254.0,OAKLAND EXPRESS,IMO9200811,VRMU9,1004,moored,294.06,32.3,,,260.5-909
367625810,2017-12-23T07:45:44,33.74039,-118.27798,0.1,-116.4,189.0,VETERAN,IMO9765720,WDH5227,1025,under way using engine,31.62,12.19,,,260-908.5,367678850,2017-12-23T07:45:40,33.73108,-118.26069,0.0,-121.9,245.0,LELA FRANCO,IMO9747821,WDI2504,1025,under way using engine,24.6,,,,260-908.5
367625810,2017-12-23T07:45:44,33.74039,-118.27798,0.1,-116.4,189.0,VETERAN,IMO9765720,WDH5227,1025,under way using engine,31.62,12.19,,,260-909,367678850,2017-12-23T07:45:40,33.73108,-118.26069,0.0,-121.9,245.0,LELA FRANCO,IMO9747821,WDI2504,1025,under way using engine,24.6,,,,260-909
367625810,2017-12-23T07:45:44,33.74039,-118.27798,0.1,-116.4,189.0,VETERAN,IMO9765720,WDH5227,1025,under way using engine,31.62,12.19,,,260.5-908.5,367678850,2017-12-23T07:45:40,33.73108,-118.26069,0.0,-121.9,245.0,LELA FRANCO,IMO9747821,WDI2504,1025,under way using engine,24.6,,,,260.5-908.5
367625810,2017-12-23T07:45:44,33.74039,-118.27798,0.1,-116.4,189.0,VETERAN,IMO9765720,WDH5227,1025,under way using engine,31.62,12.19,,,260.5-909,367678850,2017-12-23T07:45:40,33.73108,-118.26069,0.0,-121.9,245.0,LELA FRANCO,IMO9747821,WDI2504,1025,under way using engine,24.6,,,,260.5-909
366760710,2017-12-23T12:31:25,33.74400,-118.20434,0.1,-145.1,511.0,REDONDO,,WCD3906,1012,under way using engine,18.78,7.6,,,260-908.5,367625810,2017-12-23T12:31:23,33.73998,-118.27816,0.0,-144.7,190.0,VETERAN,IMO9765720,WDH5227,1025,under way using engine,31.62,12.19,,,260-908.5
366760710,2017-12-23T12:31:25,33.74400,-118.20434,0.1,-145.1,511.0,REDONDO,,WCD3906,1012,under way using engine,18.78,7.6,,,260-909,367625810,2017-12-23T12:31:23,33.73998,-118.27816,0.0,-144.7,190.0,VETERAN,IMO9765720,WDH5227,1025,under way using engine,31.62,12.19,,,260-909
366760710,2017-12-23T12:31:25,33.74400,-118.20434,0.1,-145.1,511.0,REDONDO,,WCD3906,1012,under way using engine,18.78,7.6,,,260.5-908.5,367625810,2017-12-23T12:31:23,33.73998,-118.27816,0.0,-144.7,190.0,VETERAN,IMO9765720,WDH5227,1025,under way using engine,31.62,12.19,,,260.5-908.5
366760710,2017-12-23T12:31:25,33.74400,-118.20434,0.1,-145.1,511.0,REDONDO,,WCD3906,1012,under way using engine,18.78,7.6,,,260.5-909,367625810,2017-12-23T12:31:23,33.73998,-118.27816,0.0,-144.7,190.0,VETERAN,IMO9765720,WDH5227,1025,under way using engine,31.62,12.19,,,260.5-909
338193969,2017-12-23T18:05:32,33.60633,-117.90692,0.0,113.7,511.0,TARA,,,,,,,,,259-905.5,338208108,2017-12-23T18:05:32,33.60986,-117.89576,0.0,-146.7,511.0,FISHAHOLIC,,,1019,,10.52,,,,259-905.5
338193969,2017-12-23T18:05:32,33.60633,-117.90692,0.0,113.7,511.0,TARA,,,,,,,,,259-906,338208108,2017-12-23T18:05:32,33.60986,-117.89576,0.0,-146.7,511.0,FISHAHOLIC,,,1019,,10.52,,,,259-906
338193969,2017-12-23T18:05:32,33.60633,-117.90692,0.0,113.7,511.0,TARA,,,,,,,,,259.5-905.5,338208108,2017-12-23T18:05:32,33.60986,-117.89576,0.0,-146.7,511.0,FISHAHOLIC,,,1019,,10.52,,,,259.5-905.5
338193969,2017-12-23T18:05:32,33.60633,-117.90692,0.0,113.7,511.0,TARA,,,,,,,,,259.5-906,338208108,2017-12-23T18:05:32,33.60986,-117.89576,0.0,-146.7,511.0,FISHAHOLIC,,,1019,,10.52,,,,259.5-906
366977380,2017-12-24T00:08:22,33.60016,-117.88905,5.6,89.2,511.0,FREELANCE,,WSP9410,1012,under way using engine,21.67,,,,259-905.5,338181167,2017-12-24T00:08:25,33.60498,-117.88481,0.0,-70.8,511.0,BUCKET LIST,,,1019,,11.55,4,,,259-905.5
366977380,2017-12-24T00:08:22,33.60016,-117.88905,5.6,89.2,511.0,FREELANCE,,WSP9410,1012,under way using engine,21.67,,,,259-906,338181167,2017-12-24T00:08:25,33.60498,-117.88481,0.0,-70.8,511.0,BUCKET LIST,,,1019,,11.55,4,,,259-906
366977380,2017-12-24T00:08:22,33.60016,-117.88905,5.6,89.2,511.0,FREELANCE,,WSP9410,1012,under way using engine,21.67,,,,259.5-905.5,338181167,2017-12-24T00:08:25,33.60498,-117.88481,0.0,-70.8,511.0,BUCKET LIST,,,1019,,11.55,4,,,259.5-905.5
366977380,2017-12-24T00:08:22,33.60016,-117.88905,5.6,89.2,511.0,FREELANCE,,WSP9410,1012,under way using engine,21.67,,,,259.5-906,338181167,2017-12-24T00:08:25,33.60498,-117.88481,0.0,-70.8,511.0,BUCKET LIST,,,1019,,11.55,4,,,259.5-906
338208708,2017-12-24T17:56:13,32.71258,-117.22994,0.0,118.1,511.0,MAURA LEE,,,1019,,,,,,252-900.5,369140000,2017-12-24T17:56:13,32.70722,-117.23665,0.1,-109.3,181.0,SALLY RIDE,IMO9695171,WSAF,1020,moored,73,,,,252-900.5
338208708,2017-12-24T17:56:13,32.71258,-117.22994,0.0,118.1,511.0,MAURA LEE,,,1019,,,,,,252-900.5,366685950,2017-12-24T17:56:14,32.71532,-117.17382,0.0,-51.3,121.0,SPIRIT OF SAN DIEGO,,WCS9446,1012,undefined,34.44,9.4,,,252-900.5
369140000,2017-12-24T17:56:13,32.70722,-117.23665,0.1,-109.3,181.0,SALLY RIDE,IMO9695171,WSAF,1020,moored,73,,,,252-900.5,366685950,2017-12-24T17:56:14,32.71532,-117.17382,0.0,-51.3,121.0,SPIRIT OF SAN DIEGO,,WCS9446,1012,undefined,34.44,9.4,,,252-900.5
338208708,2017-12-24T17:56:13,32.71258,-117.22994,0.0,118.1,511.0,MAURA LEE,,,1019,,,,,,252-901,369140000,2017-12-24T17:56:13,32.70722,-117.23665,0.1,-109.3,181.0,SALLY RIDE,IMO9695171,WSAF,1020,moored,73,,,,252-901
338208708,2017-12-24T17:56:13,32.71258,-117.22994,0.0,118.1,511.0,MAURA LEE,,,1019,,,,,,252-901,366685950,2017-12-24T17:56:14,32.71532,-117.17382,0.0,-51.3,121.0,SPIRIT OF SAN DIEGO,,WCS9446,1012,undefined,34.44,9.4,,,252-901
369140000,2017-12-24T17:56:13,32.70722,-117.23665,0.1,-109.3,181.0,SALLY RIDE,IMO9695171,WSAF,1020,moored,73,,,,252-901,366685950,2017-12-24T17:56:14,32.71532,-117.17382,0.0,-51.3,121.0,SPIRIT OF SAN DIEGO,,WCS9446,1012,undefined,34.44,9.4,,,252-901
338208708,2017-12-24T17:56:13,32.71258,-117.22994,0.0,118.1,511.0,MAURA LEE,,,1019,,,,,,252.5-900.5,369140000,2017-12-24T17:56:13,32.70722,-117.23665,0.1,-109.3,181.0,SALLY RIDE,IMO9695171,WSAF,1020,moored,73,,,,252.5-900.5
338208708,2017-12-24T17:56:13,32.71258,-117.22994,0.0,118.1,511.0,MAURA LEE,,,1019,,,,,,252.5-900.5,366685950,2017-12-24T17:56:14,32.71532,-117.17382,0.0,-51.3,121.0,SPIRIT OF SAN DIEGO,,WCS9446,1012,undefined,34.44,9.4,,,252.5-900.5
369140000,2017-12-24T17:56:13,32.70722,-117.23665,0.1,-109.3,181.0,SALLY RIDE,IMO9695171,WSAF,1020,moored,73,,,,252.5-900.5,366685950,2017-12-24T17:56:14,32.71532,-117.17382,0.0,-51.3,121.0,SPIRIT OF SAN DIEGO,,WCS9446,1012,undefined,34.44,9.4,,,252.5-900.5
338208708,2017-12-24T17:56:13,32.71258,-117.22994,0.0,118.1,511.0,MAURA LEE,,,1019,,,,,,252.5-901,369140000,2017-12-24T17:56:13,32.70722,-117.23665,0.1,-109.3,181.0,SALLY RIDE,IMO9695171,WSAF,1020,moored,73,,,,252.5-901
338208708,2017-12-24T17:56:13,32.71258,-117.22994,0.0,118.1,511.0,MAURA LEE,,,1019,,,,,,252.5-901,366685950,2017-12-24T17:56:14,32.71532,-117.17382,0.0,-51.3,121.0,SPIRIT OF SAN DIEGO,,WCS9446,1012,undefined,34.44,9.4,,,252.5-901
369140000,2017-12-24T17:56:13,32.70722,-117.23665,0.1,-109.3,181.0,SALLY RIDE,IMO9695171,WSAF,1020,moored,73,,,,252.5-901,366685950,2017-12-24T17:56:14,32.71532,-117.17382,0.0,-51.3,121.0,SPIRIT OF SAN DIEGO,,WCS9446,1012,undefined,34.44,9.4,,,252.5-901
367004260,2017-12-25T00:52:06,33.74404,-118.20455,0.1,-99.4,511.0,CABRILLO,,WBU7354,1012,under way using engine,18.56,7.6,,,260-908.5,367044560,2017-12-25T00:52:07,33.72133,-118.27128,0.0,148.0,511.0,PHINEAS BANNING,,WCT8646,,undefined,15.76,4.7,,,260-908.5
367004260,2017-12-25T00:52:06,33.74404,-118.20455,0.1,-99.4,511.0,CABRILLO,,WBU7354,1012,under way using engine,18.56,7.6,,,260-909,367044560,2017-12-25T00:52:07,33.72133,-118.27128,0.0,148.0,511.0,PHINEAS BANNING,,WCT8646,,undefined,15.76,4.7,,,260-909
367004260,2017-12-25T00:52:06,33.74404,-118.20455,0.1,-99.4,511.0,CABRILLO,,WBU7354,1012,under way using engine,18.56,7.6,,,260.5-908.5,367044560,2017-12-25T00:52:07,33.72133,-118.27128,0.0,148.0,511.0,PHINEAS BANNING,,WCT8646,,undefined,15.76,4.7,,,260.5-908.5
367004260,2017-12-25T00:52:06,33.74404,-118.20455,0.1,-99.4,511.0,CABRILLO,,WBU7354,1012,under way using engine,18.56,7.6,,,260.5-909,367044560,2017-12-25T00:52:07,33.72133,-118.27128,0.0,148.0,511.0,PHINEAS BANNING,,WCT8646,,undefined,15.76,4.7,,,260.5-909
367017440,2017-12-25T20:36:01,33.77080,-118.21210,0.0,-174.6,511.0,PIPER INNESS,IMO8964109,WDC3984,1010,under way using engine,42.7,8.8,,,260-908.5,367625810,2017-12-25T20:36:03,33.74030,-118.27813,0.0,-175.3,190.0,VETERAN,IMO9765720,WDH5227,1025,under way using engine,31.62,12.19,,,260-908.5
367017440,2017-12-25T20:36:01,33.77080,-118.21210,0.0,-174.6,511.0,PIPER INNESS,IMO8964109,WDC3984,1010,under way using engine,42.7,8.8,,,260-909,367625810,2017-12-25T20:36:03,33.74030,-118.27813,0.0,-175.3,190.0,VETERAN,IMO9765720,WDH5227,1025,under way using engine,31.62,12.19,,,260-909
367017440,2017-12-25T20:36:01,33.77080,-118.21210,0.0,-174.6,511.0,PIPER INNESS,IMO8964109,WDC3984,1010,under way using engine,42.7,8.8,,,260.5-908.5,367625810,2017-12-25T20:36:03,33.74030,-118.27813,0.0,-175.3,190.0,VETERAN,IMO9765720,WDH5227,1025,under way using engine,31.62,12.19,,,260.5-908.5
367017440,2017-12-25T20:36:01,33.77080,-118.21210,0.0,-174.6,511.0,PIPER INNESS,IMO8964109,WDC3984,1010,under way using engine,42.7,8.8,,,260.5-909,367625810,2017-12-25T20:36:03,33.74030,-118.27813,0.0,-175.3,190.0,VETERAN,IMO9765720,WDH5227,1025,under way using engine,31.62,12.19,,,260.5-909
338225409,2017-12-25T21:08:57,33.75797,-118.18817,0.0,68.6,511.0,SWEET FREEDOM,,,1019,,,,,,260-908.5,367015530,2017-12-25T21:09:00,33.76151,-118.19249,0.0,-49.6,511.0,ENTERTAINER,,WCQ6000,1012,restricted maneuverability,34.44,9.4,,,260-908.5
338225409,2017-12-25T21:08:57,33.75797,-118.18817,0.0,68.6,511.0,SWEET FREEDOM,,,1019,,,,,,260-909,367015530,2017-12-25T21:09:00,33.76151,-118.19249,0.0,-49.6,511.0,ENTERTAINER,,WCQ6000,1012,restricted maneuverability,34.44,9.4,,,260-909
338225409,2017-12-25T21:08:57,33.75797,-118.18817,0.0,68.6,511.0,SWEET FREEDOM,,,1019,,,,,,260.5-908.5,367015530,2017-12-25T21:09:00,33.76151,-118.19249,0.0,-49.6,511.0,ENTERTAINER,,WCQ6000,1012,restricted maneuverability,34.44,9.4,,,260.5-908.5
338225409,2017-12-25T21:08:57,33.75797,-118.18817,0.0,68.6,511.0,SWEET FREEDOM,,,1019,,,,,,260.5-909,367015530,2017-12-25T21:09:00,33.76151,-118.19249,0.0,-49.6,511.0,ENTERTAINER,,WCQ6000,1012,restricted maneuverability,34.44,9.4,,,260.5-909
338108106,2017-12-26T01:10:17,32.72749,-117.20095,0.1,134.1,511.0,NAOS 400,,,1019,,11.98,,,,252-900.5,367370230,2017-12-26T01:10:19,32.72331,-117.17373,0.0,-49.6,65.0,EMERALD HORNBLOWER,,WCY6120,1012,under way using engine,22.13,6.1,,,252-900.5
338108106,2017-12-26T01:10:17,32.72749,-117.20095,0.1,134.1,511.0,NAOS 400,,,1019,,11.98,,,,252-901,367370230,2017-12-26T01:10:19,32.72331,-117.17373,0.0,-49.6,65.0,EMERALD HORNBLOWER,,WCY6120,1012,under way using engine,22.13,6.1,,,252-901
338108106,2017-12-26T01:10:17,32.72749,-117.20095,0.1,134.1,511.0,NAOS 400,,,1019,,11.98,,,,252.5-900.5,367370230,2017-12-26T01:10:19,32.72331,-117.17373,0.0,-49.6,65.0,EMERALD HORNBLOWER,,WCY6120,1012,under way using engine,22.13,6.1,,,252.5-900.5
338108106,2017-12-26T01:10:17,32.72749,-117.20095,0.1,134.1,511.0,NAOS 400,,,1019,,11.98,,,,252.5-901,367370230,2017-12-26T01:10:19,32.72331,-117.17373,0.0,-49.6,65.0,EMERALD HORNBLOWER,,WCY6120,1012,under way using engine,22.13,6.1,,,252.5-901
338303304,2017-12-26T01:41:45,32.71173,-117.23271,0.0,-165.1,511.0,,,,,,,,,,252-900.5,518107000,2017-12-26T01:41:47,32.72310,-117.22245,0.0,-49.6,511.0,,,,,under way using engine,,,,,252-900.5
338303304,2017-12-26T01:41:45,32.71173,-117.23271,0.0,-165.1,511.0,,,,,,,,,,252-901,518107000,2017-12-26T01:41:47,32.72310,-117.22245,0.0,-49.6,511.0,,,,,under way using engine,,,,,252-901
338303304,2017-12-26T01:41:45,32.71173,-117.23271,0.0,-165.1,511.0,,,,,,,,,,252.5-900.5,518107000,2017-12-26T01:41:47,32.72310,-117.22245,0.0,-49.6,511.0,,,,,under way using engine,,,,,252.5-900.5
338303304,2017-12-26T01:41:45,32.71173,-117.23271,0.0,-165.1,511.0,,,,,,,,,,252.5-901,518107000,2017-12-26T01:41:47,32.72310,-117.22245,0.0,-49.6,511.0,,,,,under way using engine,,,,,252.5-901
338164194,2017-12-26T04:12:54,32.70629,-117.16617,0.0,126.0,511.0,DAPHNE RAYE,,,1019,,13.14,,,,252-900.5,367754620,2017-12-26T04:12:54,32.72657,-117.20174,0.0,53.9,511.0,TENACIOUS,,WDJ2035,1022,,,,,,252-900.5
338164194,2017-12-26T04:12:54,32.70629,-117.16617,0.0,126.0,511.0,DAPHNE RAYE,,,1019,,13.14,,,,252-901,367754620,2017-12-26T04:12:54,32.72657,-117.20174,0.0,53.9,511.0,TENACIOUS,,WDJ2035,1022,,,,,,252-901
338164194,2017-12-26T04:12:54,32.70629,-117.16617,0.0,126.0,511.0,DAPHNE RAYE,,,1019,,13.14,,,,252.5-900.5,367754620,2017-12-26T04:12:54,32.72657,-117.20174,0.0,53.9,511.0,TENACIOUS,,WDJ2035,1022,,,,,,252.5-900.5
338164194,2017-12-26T04:12:54,32.70629,-117.16617,0.0,126.0,511.0,DAPHNE RAYE,,,1019,,13.14,,,,252.5-901,367754620,2017-12-26T04:12:54,32.72657,-117.20174,0.0,53.9,511.0,TENACIOUS,,WDJ2035,1022,,,,,,252.5-901
367602170,2017-12-26T05:51:45,33.75185,-118.11915,0.0,-91.8,511.0,DRAGON FLY,,WDH2881,1019,,13.72,,,,260-907.5,338147666,2017-12-26T05:51:47,33.72606,-118.07619,0.0,18.2,511.0,PACIFIC PRINCESS,,,1019,,13.78,,,,260-907.5
367602170,2017-12-26T05:51:45,33.75185,-118.11915,0.0,-91.8,511.0,DRAGON FLY,,WDH2881,1019,,13.72,,,,260-908,338147666,2017-12-26T05:51:47,33.72606,-118.07619,0.0,18.2,511.0,PACIFIC PRINCESS,,,1019,,13.78,,,,260-908
367602170,2017-12-26T05:51:45,33.75185,-118.11915,0.0,-91.8,511.0,DRAGON FLY,,WDH2881,1019,,13.72,,,,260.5-907.5,338147666,2017-12-26T05:51:47,33.72606,-118.07619,0.0,18.2,511.0,PACIFIC PRINCESS,,,1019,,13.78,,,,260.5-907.5
367602170,2017-12-26T05:51:45,33.75185,-118.11915,0.0,-91.8,511.0,DRAGON FLY,,WDH2881,1019,,13.72,,,,260.5-908,338147666,2017-12-26T05:51:47,33.72606,-118.07619,0.0,18.2,511.0,PACIFIC PRINCESS,,,1019,,13.78,,,,260.5-908
367451720,2017-12-26T13:33:33,32.72644,-117.21349,0.0,0.0,511.0,FELINA,,WDF4422,1019,,19.78,6.4,,,252-900.5,369970764,2017-12-26T13:33:37,32.68725,-117.23562,0.0,-69.0,64.0,RSC-4,,,,moored,,,,,252-900.5
367451720,2017-12-26T13:33:33,32.72644,-117.21349,0.0,0.0,511.0,FELINA,,WDF4422,1019,,19.78,6.4,,,252-901,369970764,2017-12-26T13:33:37,32.68725,-117.23562,0.0,-69.0,64.0,RSC-4,,,,moored,,,,,252-901
367451720,2017-12-26T13:33:33,32.72644,-117.21349,0.0,0.0,511.0,FELINA,,WDF4422,1019,,19.78,6.4,,,252.5-900.5,369970764,2017-12-26T13:33:37,32.68725,-117.23562,0.0,-69.0,64.0,RSC-4,,,,moored,,,,,252.5-900.5
367451720,2017-12-26T13:33:33,32.72644,-117.21349,0.0,0.0,511.0,FELINA,,WDF4422,1019,,19.78,6.4,,,252.5-901,369970764,2017-12-26T13:33:37,32.68725,-117.23562,0.0,-69.0,64.0,RSC-4,,,,moored,,,,,252.5-901
367705440,2017-12-26T17:35:58,32.71797,-117.22713,0.0,10.4,511.0,OCCASIONAL PEACE,,WDI5127,1019,,17.98,,,,252-900.5,538070946,2017-12-26T17:35:59,32.70376,-117.16227,0.1,135.0,238.0,SCOUT,IMO1002225,V7BT2,1019,under way using engine,34,,,,252-900.5
367705440,2017-12-26T17:35:58,32.71797,-117.22713,0.0,10.4,511.0,OCCASIONAL PEACE,,WDI5127,1019,,17.98,,,,252-901,538070946,2017-12-26T17:35:59,32.70376,-117.16227,0.1,135.0,238.0,SCOUT,IMO1002225,V7BT2,1019,under way using engine,34,,,,252-901
367705440,2017-12-26T17:35:58,32.71797,-117.22713,0.0,10.4,511.0,OCCASIONAL PEACE,,WDI5127,1019,,17.98,,,,252.5-900.5,538070946,2017-12-26T17:35:59,32.70376,-117.16227,0.1,135.0,238.0,SCOUT,IMO1002225,V7BT2,1019,under way using engine,34,,,,252.5-900.5
367705440,2017-12-26T17:35:58,32.71797,-117.22713,0.0,10.4,511.0,OCCASIONAL PEACE,,WDI5127,1019,,17.98,,,,252.5-901,538070946,2017-12-26T17:35:59,32.70376,-117.16227,0.1,135.0,238.0,SCOUT,IMO1002225,V7BT2,1019,under way using engine,34,,,,252.5-901
338239291,2017-12-26T20:10:48,33.61996,-117.89644,0.0,135.6,511.0,HANA PA'A,,,,,7.92,,,,259-905.5,367309970,2017-12-26T20:10:45,33.61040,-117.89528,0.0,105.0,511.0,AGUA MAR,,WDD9333,1019,,10.36,4,,,259-905.5
338239291,2017-12-26T20:10:48,33.61996,-117.89644,0.0,135.6,511.0,HANA PA'A,,,,,7.92,,,,259-906,367309970,2017-12-26T20:10:45,33.61040,-117.89528,0.0,105.0,511.0,AGUA MAR,,WDD9333,1019,,10.36,4,,,259-906
338239291,2017-12-26T20:10:48,33.61996,-117.89644,0.0,135.6,511.0,HANA PA'A,,,,,7.92,,,,259.5-905.5,367309970,2017-12-26T20:10:45,33.61040,-117.89528,0.0,105.0,511.0,AGUA MAR,,WDD9333,1019,,10.36,4,,,259.5-905.5
338239291,2017-12-26T20:10:48,33.61996,-117.89644,0.0,135.6,511.0,HANA PA'A,,,,,7.92,,,,259.5-906,367309970,2017-12-26T20:10:45,33.61040,-117.89528,0.0,105.0,511.0,AGUA MAR,,WDD9333,1019,,10.36,4,,,259.5-906
366892110,2017-12-27T00:36:01,33.73256,-118.24880,5.1,-129.2,511.0,HARBOR ADMIRAL,,WDB3860,1025,under way using engine,12.8,6.7,,,260-908.5,366791000,2017-12-27T00:36:02,33.75876,-118.27723,0.0,-91.9,216.0,HORIZON RELIANCE,IMO7729461,WFLH,1004,moored,272.3,30.48,,,260-908.5
366892110,2017-12-27T00:36:01,33.73256,-118.24880,5.1,-129.2,511.0,HARBOR ADMIRAL,,WDB3860,1025,under way using engine,12.8,6.7,,,260-909,366791000,2017-12-27T00:36:02,33.75876,-118.27723,0.0,-91.9,216.0,HORIZON RELIANCE,IMO7729461,WFLH,1004,moored,272.3,30.48,,,260-909
366892110,2017-12-27T00:36:01,33.73256,-118.24880,5.1,-129.2,511.0,HARBOR ADMIRAL,,WDB3860,1025,under way using engine,12.8,6.7,,,260.5-908.5,366791000,2017-12-27T00:36:02,33.75876,-118.27723,0.0,-91.9,216.0,HORIZON RELIANCE,IMO7729461,WFLH,1004,moored,272.3,30.48,,,260.5-908.5
366892110,2017-12-27T00:36:01,33.73256,-118.24880,5.1,-129.2,511.0,HARBOR ADMIRAL,,WDB3860,1025,under way using engine,12.8,6.7,,,260.5-909,366791000,2017-12-27T00:36:02,33.75876,-118.27723,0.0,-91.9,216.0,HORIZON RELIANCE,IMO7729461,WFLH,1004,moored,272.3,30.48,,,260.5-909
367604980,2017-12-27T15:12:01,32.71848,-117.22682,0.0,-49.6,511.0,BOPPY'S STAR,,WDH3169,1019,,17.68,,,,252-900.5,311000416,2017-12-27T15:12:03,32.70122,-117.16018,0.1,-69.1,70.0,DOLE CARIBBEAN,IMO9703071,C6CA4,1004,moored,190,,,,252-900.5
367604980,2017-12-27T15:12:01,32.71848,-117.22682,0.0,-49.6,511.0,BOPPY'S STAR,,WDH3169,1019,,17.68,,,,252-901,311000416,2017-12-27T15:12:03,32.70122,-117.16018,0.1,-69.1,70.0,DOLE CARIBBEAN,IMO9703071,C6CA4,1004,moored,190,,,,252-901
367604980,2017-12-27T15:12:01,32.71848,-117.22682,0.0,-49.6,511.0,BOPPY'S STAR,,WDH3169,1019,,17.68,,,,252.5-900.5,311000416,2017-12-27T15:12:03,32.70122,-117.16018,0.1,-69.1,70.0,DOLE CARIBBEAN,IMO9703071,C6CA4,1004,moored,190,,,,252.5-900.5
367604980,2017-12-27T15:12:01,32.71848,-117.22682,0.0,-49.6,511.0,BOPPY'S STAR,,WDH3169,1019,,17.68,,,,252.5-901,311000416,2017-12-27T15:12:03,32.70122,-117.16018,0.1,-69.1,70.0,DOLE CARIBBEAN,IMO9703071,C6CA4,1004,moored,190,,,,252.5-901
367452280,2017-12-27T21:08:17,33.73588,-118.26868,0.0,-49.6,511.0,LAGUNA,,WDF4470,1025,undefined,20.33,7.3,,,260-908.5,367661930,2017-12-27T21:08:19,33.75997,-118.21483,2.6,-77.3,155.0,MICHELLE SLOAN,IMO9747819,WDH8832,1025,under way using engine,24.6,,,,260-908.5
367452280,2017-12-27T21:08:17,33.73588,-118.26868,0.0,-49.6,511.0,LAGUNA,,WDF4470,1025,undefined,20.33,7.3,,,260-909,367661930,2017-12-27T21:08:19,33.75997,-118.21483,2.6,-77.3,155.0,MICHELLE SLOAN,IMO9747819,WDH8832,1025,under way using engine,24.6,,,,260-909
367452280,2017-12-27T21:08:17,33.73588,-118.26868,0.0,-49.6,511.0,LAGUNA,,WDF4470,1025,undefined,20.33,7.3,,,260.5-908.5,367661930,2017-12-27T21:08:19,33.75997,-118.21483,2.6,-77.3,155.0,MICHELLE SLOAN,IMO9747819,WDH8832,1025,under way using engine,24.6,,,,260.5-908.5
367452280,2017-12-27T21:08:17,33.73588,-118.26868,0.0,-49.6,511.0,LAGUNA,,WDF4470,1025,undefined,20.33,7.3,,,260.5-909,367661930,2017-12-27T21:08:19,33.75997,-118.21483,2.6,-77.3,155.0,MICHELLE SLOAN,IMO9747819,WDH8832,1025,under way using engine,24.6,,,,260.5-909
366685950,2017-12-27T21:18:06,32.69733,-117.22917,10.1,12.3,76.0,SPIRIT OF SAN DIEGO,,WCS9446,1012,undefined,34.44,9.4,,,252-900.5,338181104,2017-12-27T21:18:04,32.71240,-117.23197,0.0,139.3,511.0,MISS LYN,,,1019,,18.44,,,,252-900.5
366685950,2017-12-27T21:18:06,32.69733,-117.22917,10.1,12.3,76.0,SPIRIT OF SAN DIEGO,,WCS9446,1012,undefined,34.44,9.4,,,252-901,338181104,2017-12-27T21:18:04,32.71240,-117.23197,0.0,139.3,511.0,MISS LYN,,,1019,,18.44,,,,252-901
366685950,2017-12-27T21:18:06,32.69733,-117.22917,10.1,12.3,76.0,SPIRIT OF SAN DIEGO,,WCS9446,1012,undefined,34.44,9.4,,,252.5-900.5,338181104,2017-12-27T21:18:04,32.71240,-117.23197,0.0,139.3,511.0,MISS LYN,,,1019,,18.44,,,,252.5-900.5
366685950,2017-12-27T21:18:06,32.69733,-117.22917,10.1,12.3,76.0,SPIRIT OF SAN DIEGO,,WCS9446,1012,undefined,34.44,9.4,,,252.5-901,338181104,2017-12-27T21:18:04,32.71240,-117.23197,0.0,139.3,511.0,MISS LYN,,,1019,,18.44,,,,252.5-901
338130192,2017-12-28T04:42:50,33.98308,-118.44822,0.0,55.0,511.0,CLASS ACTION,,,1019,,12.92,,,,262-910.5,338228692,2017-12-28T04:42:50,33.98136,-118.44731,0.1,105.5,511.0,SOLSTICE,,,1019,,,,,,262-910.5
338130192,2017-12-28T04:42:50,33.98308,-118.44822,0.0,55.0,511.0,CLASS ACTION,,,1019,,12.92,,,,262-911,338228692,2017-12-28T04:42:50,33.98136,-118.44731,0.1,105.5,511.0,SOLSTICE,,,1019,,,,,,262-911
338130192,2017-12-28T04:42:50,33.98308,-118.44822,0.0,55.0,511.0,CLASS ACTION,,,1019,,12.92,,,,262.5-910.5,338228692,2017-12-28T04:42:50,33.98136,-118.44731,0.1,105.5,511.0,SOLSTICE,,,1019,,,,,,262.5-910.5
338130192,2017-12-28T04:42:50,33.98308,-118.44822,0.0,55.0,511.0,CLASS ACTION,,,1019,,12.92,,,,262.5-911,338228692,2017-12-28T04:42:50,33.98136,-118.44731,0.1,105.5,511.0,SOLSTICE,,,1019,,,,,,262.5-911
367369720,2017-12-28T16:09:14,33.76501,-118.26347,0.1,-130.9,103.0,ALTA JUNE,IMO9552290,WDE5645,1025,under way using engine,23.8,10.4,,31,260-908.5,338037843,2017-12-28T16:09:12,33.74732,-118.21564,0.0,0.0,511.0,VEGA,,,1005,under way using engine,18.75,4.9,,,260-908.5
367369720,2017-12-28T16:09:14,33.76501,-118.26347,0.1,-130.9,103.0,ALTA JUNE,IMO9552290,WDE5645,1025,under way using engine,23.8,10.4,,31,260-909,338037843,2017-12-28T16:09:12,33.74732,-118.21564,0.0,0.0,511.0,VEGA,,,1005,under way using engine,18.75,4.9,,,260-909
367369720,2017-12-28T16:09:14,33.76501,-118.26347,0.1,-130.9,103.0,ALTA JUNE,IMO9552290,WDE5645,1025,under way using engine,23.8,10.4,,31,260.5-908.5,338037843,2017-12-28T16:09:12,33.74732,-118.21564,0.0,0.0,511.0,VEGA,,,1005,under way using engine,18.75,4.9,,,260.5-908.5
367369720,2017-12-28T16:09:14,33.76501,-118.26347,0.1,-130.9,103.0,ALTA JUNE,IMO9552290,WDE5645,1025,under way using engine,23.8,10.4,,31,260.5-909,338037843,2017-12-28T16:09:12,33.74732,-118.21564,0.0,0.0,511.0,VEGA,,,1005,under way using engine,18.75,4.9,,,260.5-909
367175860,2017-12-28T17:28:31,33.72977,-118.27563,0.0,1.8,126.0,INDEPENDENCE,IMO9369239,WDD6659,1025,under way using engine,23.8,10.36,4.6,52,260-908.5,367678850,2017-12-28T17:28:30,33.73109,-118.26070,0.0,-149.9,245.0,LELA FRANCO,IMO9747821,WDI2504,1025,under way using engine,24.6,,,,260-908.5
367175860,2017-12-28T17:28:31,33.72977,-118.27563,0.0,1.8,126.0,INDEPENDENCE,IMO9369239,WDD6659,1025,under way using engine,23.8,10.36,4.6,52,260-909,367678850,2017-12-28T17:28:30,33.73109,-118.26070,0.0,-149.9,245.0,LELA FRANCO,IMO9747821,WDI2504,1025,under way using engine,24.6,,,,260-909
367175860,2017-12-28T17:28:31,33.72977,-118.27563,0.0,1.8,126.0,INDEPENDENCE,IMO9369239,WDD6659,1025,under way using engine,23.8,10.36,4.6,52,260.5-908.5,367678850,2017-12-28T17:28:30,33.73109,-118.26070,0.0,-149.9,245.0,LELA FRANCO,IMO9747821,WDI2504,1025,under way using engine,24.6,,,,260.5-908.5
367175860,2017-12-28T17:28:31,33.72977,-118.27563,0.0,1.8,126.0,INDEPENDENCE,IMO9369239,WDD6659,1025,under way using engine,23.8,10.36,4.6,52,260.5-909,367678850,2017-12-28T17:28:30,33.73109,-118.26070,0.0,-149.9,245.0,LELA FRANCO,IMO9747821,WDI2504,1025,under way using engine,24.6,,,,260.5-909
563247000,2017-12-28T17:52:53,33.73200,-118.25740,0.0,72.0,72.0,APL ESPLANADE,IMO9632038,S6LT4,1004,moored,368.5,51,,,260-908.5,367569830,2017-12-28T17:52:55,33.73104,-118.26069,0.0,-95.4,253.0,ROBERT FRANCO,IMO9694311,WDG7687,1025,under way using engine,31.62,12.19,,,260-908.5
563247000,2017-12-28T17:52:53,33.73200,-118.25740,0.0,72.0,72.0,APL ESPLANADE,IMO9632038,S6LT4,1004,moored,368.5,51,,,260-909,367569830,2017-12-28T17:52:55,33.73104,-118.26069,0.0,-95.4,253.0,ROBERT FRANCO,IMO9694311,WDG7687,1025,under way using engine,31.62,12.19,,,260-909
563247000,2017-12-28T17:52:53,33.73200,-118.25740,0.0,72.0,72.0,APL ESPLANADE,IMO9632038,S6LT4,1004,moored,368.5,51,,,260.5-908.5,367569830,2017-12-28T17:52:55,33.73104,-118.26069,0.0,-95.4,253.0,ROBERT FRANCO,IMO9694311,WDG7687,1025,under way using engine,31.62,12.19,,,260.5-908.5
563247000,2017-12-28T17:52:53,33.73200,-118.25740,0.0,72.0,72.0,APL ESPLANADE,IMO9632038,S6LT4,1004,moored,368.5,51,,,260.5-909,367569830,2017-12-28T17:52:55,33.73104,-118.26069,0.0,-95.4,253.0,ROBERT FRANCO,IMO9694311,WDG7687,1025,under way using engine,31.62,12.19,,,260.5-909
367034960,2017-12-29T05:06:37,33.76757,-118.21698,0.0,2.2,511.0,PONO,,WCB4095,1025,under way using engine,22.95,8.7,,,260-908.5,366997520,2017-12-29T05:06:38,33.73669,-118.22555,0.1,-182.4,56.0,TRANSATLANTIC,IMO9148520,WDC2769,1004,at anchor,100.59,16.24,,,260-908.5
367034960,2017-12-29T05:06:37,33.76757,-118.21698,0.0,2.2,511.0,PONO,,WCB4095,1025,under way using engine,22.95,8.7,,,260-909,366997520,2017-12-29T05:06:38,33.73669,-118.22555,0.1,-182.4,56.0,TRANSATLANTIC,IMO9148520,WDC2769,1004,at anchor,100.59,16.24,,,260-909
367034960,2017-12-29T05:06:37,33.76757,-118.21698,0.0,2.2,511.0,PONO,,WCB4095,1025,under way using engine,22.95,8.7,,,260.5-908.5,366997520,2017-12-29T05:06:38,33.73669,-118.22555,0.1,-182.4,56.0,TRANSATLANTIC,IMO9148520,WDC2769,1004,at anchor,100.59,16.24,,,260.5-908.5
367034960,2017-12-29T05:06:37,33.76757,-118.21698,0.0,2.2,511.0,PONO,,WCB4095,1025,under way using engine,22.95,8.7,,,260.5-909,366997520,2017-12-29T05:06:38,33.73669,-118.22555,0.1,-182.4,56.0,TRANSATLANTIC,IMO9148520,WDC2769,1004,at anchor,100.59,16.24,,,260.5-909
372724000,2017-12-29T08:56:26,33.74345,-118.20207,0.1,-148.9,90.0,HAMBURG BRIDGE,IMO9395159,3FVW2,1004,moored,336,45.8,14.0,70,260-908.5,538006200,2017-12-29T08:56:27,33.75633,-118.21820,0.0,197.2,341.0,ADVANTAGE SOLAR,IMO9408683,V7KZ5,1024,moored,274.5,48.05,17.0,81,260-908.5
372724000,2017-12-29T08:56:26,33.74345,-118.20207,0.1,-148.9,90.0,HAMBURG BRIDGE,IMO9395159,3FVW2,1004,moored,336,45.8,14.0,70,260-909,538006200,2017-12-29T08:56:27,33.75633,-118.21820,0.0,197.2,341.0,ADVANTAGE SOLAR,IMO9408683,V7KZ5,1024,moored,274.5,48.05,17.0,81,260-909
372724000,2017-12-29T08:56:26,33.74345,-118.20207,0.1,-148.9,90.0,HAMBURG BRIDGE,IMO9395159,3FVW2,1004,moored,336,45.8,14.0,70,260.5-908.5,538006200,2017-12-29T08:56:27,33.75633,-118.21820,0.0,197.2,341.0,ADVANTAGE SOLAR,IMO9408683,V7KZ5,1024,moored,274.5,48.05,17.0,81,260.5-908.5
372724000,2017-12-29T08:56:26,33.74345,-118.20207,0.1,-148.9,90.0,HAMBURG BRIDGE,IMO9395159,3FVW2,1004,moored,336,45.8,14.0,70,260.5-909,538006200,2017-12-29T08:56:27,33.75633,-118.21820,0.0,197.2,341.0,ADVANTAGE SOLAR,IMO9408683,V7KZ5,1024,moored,274.5,48.05,17.0,81,260.5-909
338187796,2017-12-29T09:15:41,32.71913,-117.22613,0.0,196.6,511.0,SHELTER ISLAND,,,1025,,9.75,,,,252-900.5,367736940,2017-12-29T09:15:43,32.70535,-117.16522,0.1,-90.0,511.0,OUTTA HERE II,,WDI8274,1019,,,,,,252-900.5
338187796,2017-12-29T09:15:41,32.71913,-117.22613,0.0,196.6,511.0,SHELTER ISLAND,,,1025,,9.75,,,,252-901,367736940,2017-12-29T09:15:43,32.70535,-117.16522,0.1,-90.0,511.0,OUTTA HERE II,,WDI8274,1019,,,,,,252-901
338187796,2017-12-29T09:15:41,32.71913,-117.22613,0.0,196.6,511.0,SHELTER ISLAND,,,1025,,9.75,,,,252.5-900.5,367736940,2017-12-29T09:15:43,32.70535,-117.16522,0.1,-90.0,511.0,OUTTA HERE II,,WDI8274,1019,,,,,,252.5-900.5
338187796,2017-12-29T09:15:41,32.71913,-117.22613,0.0,196.6,511.0,SHELTER ISLAND,,,1025,,9.75,,,,252.5-901,367736940,2017-12-29T09:15:43,32.70535,-117.16522,0.1,-90.0,511.0,OUTTA HERE II,,WDI8274,1019,,,,,,252.5-901
367754620,2017-12-29T19:36:54,32.72653,-117.20177,0.0,17.9,511.0,TENACIOUS,,WDJ2035,1022,,,,,,252-900.5,338164194,2017-12-29T19:36:55,32.70628,-117.16618,0.0,121.0,511.0,DAPHNE RAYE,,,1019,,13.14,,,,252-900.5
367754620,2017-12-29T19:36:54,32.72653,-117.20177,0.0,17.9,511.0,TENACIOUS,,WDJ2035,1022,,,,,,252-901,338164194,2017-12-29T19:36:55,32.70628,-117.16618,0.0,121.0,511.0,DAPHNE RAYE,,,1019,,13.14,,,,252-901
367754620,2017-12-29T19:36:54,32.72653,-117.20177,0.0,17.9,511.0,TENACIOUS,,WDJ2035,1022,,,,,,252.5-900.5,338164194,2017-12-29T19:36:55,32.70628,-117.16618,0.0,121.0,511.0,DAPHNE RAYE,,,1019,,13.14,,,,252.5-900.5
367754620,2017-12-29T19:36:54,32.72653,-117.20177,0.0,17.9,511.0,TENACIOUS,,WDJ2035,1022,,,,,,252.5-901,338164194,2017-12-29T19:36:55,32.70628,-117.16618,0.0,121.0,511.0,DAPHNE RAYE,,,1019,,13.14,,,,252.5-901
369970764,2017-12-30T02:24:53,32.68712,-117.23640,0.0,-119.7,155.0,RSC-4,,,,moored,,,,,252-900.5,338302496,2017-12-30T02:24:55,32.72554,-117.18876,0.0,-59.3,511.0,DOC'S HOLIDAY,,,,,,,,,252-900.5
369970764,2017-12-30T02:24:53,32.68712,-117.23640,0.0,-119.7,155.0,RSC-4,,,,moored,,,,,252-901,338302496,2017-12-30T02:24:55,32.72554,-117.18876,0.0,-59.3,511.0,DOC'S HOLIDAY,,,,,,,,,252-901
369970764,2017-12-30T02:24:53,32.68712,-117.23640,0.0,-119.7,155.0,RSC-4,,,,moored,,,,,252.5-900.5,338302496,2017-12-30T02:24:55,32.72554,-117.18876,0.0,-59.3,511.0,DOC'S HOLIDAY,,,,,,,,,252.5-900.5
369970764,2017-12-30T02:24:53,32.68712,-117.23640,0.0,-119.7,155.0,RSC-4,,,,moored,,,,,252.5-901,338302496,2017-12-30T02:24:55,32.72554,-117.18876,0.0,-59.3,511.0,DOC'S HOLIDAY,,,,,,,,,252.5-901
369140000,2017-12-30T03:44:13,32.70718,-117.23662,0.0,116.9,181.0,SALLY RIDE,IMO9695171,WSAF,1020,moored,73,,,,252-900.5,338208708,2017-12-30T03:44:15,32.71256,-117.22993,0.0,118.1,511.0,MAURA LEE,,,1019,,,,,,252-900.5
369140000,2017-12-30T03:44:13,32.70718,-117.23662,0.0,116.9,181.0,SALLY RIDE,IMO9695171,WSAF,1020,moored,73,,,,252-901,338208708,2017-12-30T03:44:15,32.71256,-117.22993,0.0,118.1,511.0,MAURA LEE,,,1019,,,,,,252-901
369140000,2017-12-30T03:44:13,32.70718,-117.23662,0.0,116.9,181.0,SALLY RIDE,IMO9695171,WSAF,1020,moored,73,,,,252.5-900.5,338208708,2017-12-30T03:44:15,32.71256,-117.22993,0.0,118.1,511.0,MAURA LEE,,,1019,,,,,,252.5-900.5
369140000,2017-12-30T03:44:13,32.70718,-117.23662,0.0,116.9,181.0,SALLY RIDE,IMO9695171,WSAF,1020,moored,73,,,,252.5-901,338208708,2017-12-30T03:44:15,32.71256,-117.22993,0.0,118.1,511.0,MAURA LEE,,,1019,,,,,,252.5-901
338054125,2017-12-30T12:35:32,33.98144,-118.44961,0.0,-148.1,511.0,ADIOS,,,1019,,14.63,,,,262-910.5,338166704,2017-12-30T12:35:32,33.98241,-118.44742,0.0,81.7,511.0,WHAT'S UP DOCK?,,,1019,,12.44,,,,262-910.5
338054125,2017-12-30T12:35:32,33.98144,-118.44961,0.0,-148.1,511.0,ADIOS,,,1019,,14.63,,,,262-911,338166704,2017-12-30T12:35:32,33.98241,-118.44742,0.0,81.7,511.0,WHAT'S UP DOCK?,,,1019,,12.44,,,,262-911
338054125,2017-12-30T12:35:32,33.98144,-118.44961,0.0,-148.1,511.0,ADIOS,,,1019,,14.63,,,,262.5-910.5,338166704,2017-12-30T12:35:32,33.98241,-118.44742,0.0,81.7,511.0,WHAT'S UP DOCK?,,,1019,,12.44,,,,262.5-910.5
338054125,2017-12-30T12:35:32,33.98144,-118.44961,0.0,-148.1,511.0,ADIOS,,,1019,,14.63,,,,262.5-911,338166704,2017-12-30T12:35:32,33.98241,-118.44742,0.0,81.7,511.0,WHAT'S UP DOCK?,,,1019,,12.44,,,,262.5-911
367725390,2017-12-31T06:49:23,32.72378,-117.22376,0.0,-96.4,511.0,KAI OLU,,WDI7106,1019,,22.22,6,,,252-900.5,367615660,2017-12-31T06:49:24,32.71146,-117.23261,0.0,-63.8,511.0,CHECK OUT TIME,,WDH4242,1019,,21.92,,,,252-900.5
367725390,2017-12-31T06:49:23,32.72378,-117.22376,0.0,-96.4,511.0,KAI OLU,,WDI7106,1019,,22.22,6,,,252-901,367615660,2017-12-31T06:49:24,32.71146,-117.23261,0.0,-63.8,511.0,CHECK OUT TIME,,WDH4242,1019,,21.92,,,,252-901
367725390,2017-12-31T06:49:23,32.72378,-117.22376,0.0,-96.4,511.0,KAI OLU,,WDI7106,1019,,22.22,6,,,252.5-900.5,367615660,2017-12-31T06:49:24,32.71146,-117.23261,0.0,-63.8,511.0,CHECK OUT TIME,,WDH4242,1019,,21.92,,,,252.5-900.5
367725390,2017-12-31T06:49:23,32.72378,-117.22376,0.0,-96.4,511.0,KAI OLU,,WDI7106,1019,,22.22,6,,,252.5-901,367615660,2017-12-31T06:49:24,32.71146,-117.23261,0.0,-63.8,511.0,CHECK OUT TIME,,WDH4242,1019,,21.92,,,,252.5-901
338208708,2017-12-31T15:26:13,32.71256,-117.22992,0.0,118.1,511.0,MAURA LEE,,,1019,,,,,,252-900.5,369140000,2017-12-31T15:26:13,32.70720,-117.23663,0.1,-93.5,181.0,SALLY RIDE,IMO9695171,WSAF,1020,moored,73,,,,252-900.5
338208708,2017-12-31T15:26:13,32.71256,-117.22992,0.0,118.1,511.0,MAURA LEE,,,1019,,,,,,252-901,369140000,2017-12-31T15:26:13,32.70720,-117.23663,0.1,-93.5,181.0,SALLY RIDE,IMO9695171,WSAF,1020,moored,73,,,,252-901
338208708,2017-12-31T15:26:13,32.71256,-117.22992,0.0,118.1,511.0,MAURA LEE,,,1019,,,,,,252.5-900.5,369140000,2017-12-31T15:26:13,32.70720,-117.23663,0.1,-93.5,181.0,SALLY RIDE,IMO9695171,WSAF,1020,moored,73,,,,252.5-900.5
338208708,2017-12-31T15:26:13,32.71256,-117.22992,0.0,118.1,511.0,MAURA LEE,,,1019,,,,,,252.5-901,369140000,2017-12-31T15:26:13,32.70720,-117.23663,0.1,-93.5,181.0,SALLY RIDE,IMO9695171,WSAF,1020,moored,73,,,,252.5-901
367734240,2017-12-31T16:19:49,33.97022,-118.44960,0.0,-195.1,258.0,QUEEN B,,WDI7992,1019,moored,,,,,262-910.5,366675760,2017-12-31T16:19:46,33.97284,-118.45318,0.0,-195.0,511.0,ANTICIPATION,,WCR4950,1019,under way using engine,23.38,6.2,,99,262-910.5
367734240,2017-12-31T16:19:49,33.97022,-118.44960,0.0,-195.1,258.0,QUEEN B,,WDI7992,1019,moored,,,,,262-911,366675760,2017-12-31T16:19:46,33.97284,-118.45318,0.0,-195.0,511.0,ANTICIPATION,,WCR4950,1019,under way using engine,23.38,6.2,,99,262-911
367734240,2017-12-31T16:19:49,33.97022,-118.44960,0.0,-195.1,258.0,QUEEN B,,WDI7992,1019,moored,,,,,262.5-910.5,366675760,2017-12-31T16:19:46,33.97284,-118.45318,0.0,-195.0,511.0,ANTICIPATION,,WCR4950,1019,under way using engine,23.38,6.2,,99,262.5-910.5
367734240,2017-12-31T16:19:49,33.97022,-118.44960,0.0,-195.1,258.0,QUEEN B,,WDI7992,1019,moored,,,,,262.5-911,366675760,2017-12-31T16:19:46,33.97284,-118.45318,0.0,-195.0,511.0,ANTICIPATION,,WCR4950,1019,under way using engine,23.38,6.2,,99,262.5-911
367691450,2017-12-31T17:53:59,32.72374,-117.22385,0.0,118.5,511.0,SAFARI,,WDI3744,1019,,23.41,6.4,,,252-900.5,338181104,2017-12-31T17:54:03,32.71241,-117.23196,0.0,139.3,511.0,MISS LYN,,,1019,,18.44,,,,252-900.5
367691450,2017-12-31T17:53:59,32.72374,-117.22385,0.0,118.5,511.0,SAFARI,,WDI3744,1019,,23.41,6.4,,,252-901,338181104,2017-12-31T17:54:03,32.71241,-117.23196,0.0,139.3,511.0,MISS LYN,,,1019,,18.44,,,,252-901
367691450,2017-12-31T17:53:59,32.72374,-117.22385,0.0,118.5,511.0,SAFARI,,WDI3744,1019,,23.41,6.4,,,252.5-900.5,338181104,2017-12-31T17:54:03,32.71241,-117.23196,0.0,139.3,511.0,MISS LYN,,,1019,,18.44,,,,252.5-900.5
367691450,2017-12-31T17:53:59,32.72374,-117.22385,0.0,118.5,511.0,SAFARI,,WDI3744,1019,,23.41,6.4,,,252.5-901,338181104,2017-12-31T17:54:03,32.71241,-117.23196,0.0,139.3,511.0,MISS LYN,,,1019,,18.44,,,,252.5-901
366920480,2017-12-31T18:48:54,32.72615,-117.18531,0.0,-130.9,511.0,BLUE STAR,,WDH6751,1019,,13.53,4.2,,,252-900.5,367754620,2017-12-31T18:48:55,32.72653,-117.20180,0.0,0.8,511.0,TENACIOUS,,WDJ2035,1022,,,,,,252-900.5
366920480,2017-12-31T18:48:54,32.72615,-117.18531,0.0,-130.9,511.0,BLUE STAR,,WDH6751,1019,,13.53,4.2,,,252-901,367754620,2017-12-31T18:48:55,32.72653,-117.20180,0.0,0.8,511.0,TENACIOUS,,WDJ2035,1022,,,,,,252-901
366920480,2017-12-31T18:48:54,32.72615,-117.18531,0.0,-130.9,511.0,BLUE STAR,,WDH6751,1019,,13.53,4.2,,,252.5-900.5,367754620,2017-12-31T18:48:55,32.72653,-117.20180,0.0,0.8,511.0,TENACIOUS,,WDJ2035,1022,,,,,,252.5-900.5
366920480,2017-12-31T18:48:54,32.72615,-117.18531,0.0,-130.9,511.0,BLUE STAR,,WDH6751,1019,,13.53,4.2,,,252.5-901,367754620,2017-12-31T18:48:55,32.72653,-117.20180,0.0,0.8,511.0,TENACIOUS,,WDJ2035,1022,,,,,,252.5-901
